{"type": "FeatureCollection", "features": [{"type": "Feature", "geometry": {"type": "Polygon", "coordinates": [[[90.23405626200008, 22.45372309100003], [90.23499944000014, 22.48301845700007], [90.21676513800008, 22.473384410000108], [90.19046515600007, 22.47738586100013], [90.17677958400014, 22.459570493000115], [90.17639419900013, 22.43247556400013], [90.14655350400017, 22.410064936000026], [90.11219447600013, 22.36153174100008], [90.08849585400009, 22.345038247], [90.05079412500015, 22.33539048700004], [90.03145520400011, 22.3035899140001], [90.01923646900013, 22.273856034000175], [90.0271690740002, 22.256644428000186], [90.01715066500003, 22.228114784000013], [89.99580245200019, 22.227938537000114], [89.99901184800018, 22.211459466000065], [89.97990701200018, 22.20629364500013], [89.95639981200014, 22.180155185000103], [89.94024557000006, 22.174352256000077], [89.92164097699998, 22.157122814], [89.89013107800014, 22.15701710500008], [89.89613889700007, 22.12629200200007], [89.89545423700008, 22.10059086600006], [89.8783249990002, 22.05783469199997], [89.89085395200004, 22.01494787100006], [89.90159744300018, 21.998019566000153], [89.9096849880001, 21.965334690000134], [89.95426657000019, 21.96647344900009], [89.98334311200011, 21.981173743000113], [90.02633526700004, 21.986717227000156], [90.04940411800015, 21.964909176000106], [90.02202649800012, 21.95044393800015], [90.00879425000005, 21.915121988000067], [90.00924777900019, 21.877244061000113], [90.01790925000017, 21.860219691000168], [90.04024656500019, 21.849150472000076], [90.07846804700017, 21.845033326000134], [90.09093448400006, 21.845577969000033], [90.10327726800006, 21.878822943000046], [90.11685564300006, 21.902344682000148], [90.1163072380001, 21.925202734000152], [90.14137307700008, 21.926626377000048], [90.13598733200007, 21.9576196430001], [90.15685393000012, 21.981709809999984], [90.19016409700009, 21.980342383999982], [90.17600399900016, 22.002831613000126], [90.20681019100005, 22.026935480000077], [90.20311476800003, 22.04137495500015], [90.18263527900012, 22.063791414000093], [90.18167373300014, 22.082249708], [90.20320294400005, 22.0849201690001], [90.22314162300017, 22.04152034100008], [90.23955619800006, 22.028810701000054], [90.27085557800018, 22.02627478900007], [90.2913146050002, 22.073051381000028], [90.31582192000013, 22.08133855500006], [90.3342889770002, 22.09874917600007], [90.3443721880002, 22.128051400000174], [90.33619333900003, 22.15727817300018], [90.34212006800004, 22.17165334400005], [90.36248041200014, 22.18078812599998], [90.3552994530001, 22.194502223000086], [90.36473861400009, 22.212906512000075], [90.35442658200009, 22.229692792000037], [90.32024585800008, 22.256585002000065], [90.3009152520001, 22.24246535100019], [90.28670716300019, 22.244175908000045], [90.27060917500017, 22.262976922000064], [90.2462902690001, 22.261738777000062], [90.22274835900015, 22.213236599000084], [90.16010375400009, 22.2470900240001], [90.1438273010001, 22.284176901000137], [90.14747939, 22.30786586300013], [90.17666448600005, 22.338965650000034], [90.18597380600005, 22.364619047000076], [90.18664616500018, 22.391858461000083], [90.19564552100013, 22.410619018000034], [90.21489270300015, 22.421261550000054], [90.23405626200008, 22.45372309100003]]]}, "properties": {"districtName": "Barguna", "division": "Barishal", "area": 1535.0}}, {"type": "Feature", "geometry": {"type": "Polygon", "coordinates": [[[90.54483049600003, 23.08013315200003], [90.5160954100001, 23.080759794000187], [90.51632076499999, 23.057945931], [90.49515308600019, 23.033436694000102], [90.49335341500006, 23.0209900590001], [90.47472524300008, 23.013368800000023], [90.44355722200004, 23.016329485000142], [90.41880345300012, 23.00669066300003], [90.41161177000009, 23.021390836000137], [90.42582072500005, 23.041310763000126], [90.36942999200016, 23.058781992000036], [90.34952478800005, 23.05619406200009], [90.31216883300016, 23.053280443000176], [90.31160275400009, 23.034607344000165], [90.3284655970001, 23.014282426000136], [90.32798851800015, 22.993324915000073], [90.31625436900015, 22.981456099000013], [90.2922260150001, 22.97607105800006], [90.24412517700017, 22.97618768700005], [90.22923516300006, 22.985498269000175], [90.23241232800012, 23.03184261700011], [90.23784297200007, 23.045865499000058], [90.21436603799998, 23.074419343000045], [90.19954010800006, 23.059911800000066], [90.16288862900018, 23.07071502700012], [90.15317471000014, 23.054852170000117], [90.13551659100011, 23.04977003100015], [90.12637909200015, 23.005129905000047], [90.09415512300018, 23.006570590000138], [90.08743659700008, 22.988699519000022], [90.0690430140001, 22.967613194000137], [90.05908908100008, 22.971250934000068], [90.05671709100011, 22.931632207000177], [90.03591233000009, 22.934116641], [90.02212512900002, 22.898838666000074], [90.01827904200007, 22.868624095000087], [90.03532536200004, 22.867302747], [90.03245196700004, 22.823896284000057], [90.05432531100013, 22.826594293000085], [90.07672768200018, 22.78237628900007], [90.08981613400005, 22.784251371000153], [90.141739541, 22.75645316900011], [90.1756402630001, 22.751216744000033], [90.18107584200015, 22.775078056999973], [90.19730444300006, 22.784809598000038], [90.21690932700005, 22.760134911000137], [90.23215150400006, 22.75103463800008], [90.25650990600019, 22.75419078200008], [90.27293611100015, 22.7321551280001], [90.27258172, 22.690664543000025], [90.28763640700015, 22.6812639850001], [90.30122440600007, 22.68522377300019], [90.31847054299999, 22.675302637000186], [90.32382029600006, 22.660776981000026], [90.37421608900013, 22.640585404000092], [90.35911678200017, 22.621836633000044], [90.37978759200001, 22.60771723], [90.37631301600015, 22.589441079000153], [90.34669030400016, 22.612365147000105], [90.32586361900013, 22.604401784000117], [90.32856652000004, 22.579818799000122], [90.28915991600019, 22.56249355900019], [90.28000687100001, 22.541266013999973], [90.24950536500018, 22.519528653000066], [90.20963075500015, 22.501996811000083], [90.19046515600007, 22.47738586100013], [90.21676513800008, 22.473384410000108], [90.23499944000014, 22.48301845700007], [90.23405626200008, 22.45372309100003], [90.27718018200017, 22.469462448000115], [90.29588299500017, 22.46784378500007], [90.31379145400018, 22.4811349900001], [90.33934555200017, 22.467941125000095], [90.37042240900007, 22.500159897000117], [90.43148881100007, 22.46319951600009], [90.4421065520001, 22.483758914000134], [90.43824377600004, 22.497116950000134], [90.45771914000011, 22.531743532000064], [90.49139405200003, 22.534643445000142], [90.49978652800019, 22.54385466100001], [90.51853819200005, 22.533456160000014], [90.545500554, 22.565488487000152], [90.53572065400016, 22.582080054000073], [90.5564162440001, 22.593480143000022], [90.53010241100009, 22.616502727000125], [90.52962124600015, 22.632326598000134], [90.5429565, 22.64602950200009], [90.54115887000017, 22.670271718000038], [90.56837060400011, 22.71967854000019], [90.56887967700004, 22.746528165000143], [90.5595101340001, 22.767848957000126], [90.56707200400012, 22.789470788000074], [90.58376894399998, 22.806437107000136], [90.60277108399998, 22.812987815000156], [90.61493584400006, 22.82624963699999], [90.63817314900007, 22.82984381900002], [90.66649184200003, 22.851106233000166], [90.67201806800006, 22.86450717200006], [90.6633951610001, 22.895642352000152], [90.6945007610002, 22.901121295000053], [90.70154151999998, 22.91174269000004], [90.67578550100012, 22.94234546299998], [90.65177034000004, 22.983006697000064], [90.63717859100018, 22.99883324700005], [90.617619386, 23.002460717000133], [90.59538698600011, 23.030342926000117], [90.57136902300016, 23.04943935299997], [90.54483049600003, 23.08013315200003]]]}, "properties": {"districtName": "Barishal", "division": "Barishal", "area": 2553.4}}, {"type": "Feature", "geometry": {"type": "Polygon", "coordinates": [[[90.93147243300007, 22.493449556000087], [90.89490900599998, 22.55482976200011], [90.84468196800015, 22.60345435300019], [90.81663486400015, 22.63644428000015], [90.78905784300008, 22.65406393000012], [90.77900573700003, 22.674408546000166], [90.76617350600014, 22.77892796600014], [90.72941354000005, 22.802073832000133], [90.71914822000019, 22.815738182000075], [90.7161408140002, 22.86847001600006], [90.67201806800006, 22.86450717200006], [90.66649184200003, 22.851106233000166], [90.63817314900007, 22.82984381900002], [90.61493584400006, 22.82624963699999], [90.60277108399998, 22.812987815000156], [90.58376894399998, 22.806437107000136], [90.56707200400012, 22.789470788000074], [90.5595101340001, 22.767848957000126], [90.56887967700004, 22.746528165000143], [90.56837060400011, 22.71967854000019], [90.54115887000017, 22.670271718000038], [90.5429565, 22.64602950200009], [90.52962124600015, 22.632326598000134], [90.53010241100009, 22.616502727000125], [90.5564162440001, 22.593480143000022], [90.58491058900006, 22.56102508700019], [90.62398008600013, 22.47843033000015], [90.65515540400014, 22.452656104000084], [90.66437114700017, 22.41796082800016], [90.66033593800017, 22.40640213400019], [90.66330632000012, 22.324971194000113], [90.65382221700008, 22.279716451000183], [90.63020637700009, 22.262506272000053], [90.61158167600013, 22.224264551000033], [90.57152549300014, 22.157854215000043], [90.58478452600019, 22.142040512000165], [90.58134289500009, 22.123059566000165], [90.58475384900004, 22.08888261300001], [90.57856577600006, 22.072103377000133], [90.58158614500013, 22.03342188700003], [90.59409474900019, 22.004126530000065], [90.58584789600008, 21.98848632900018], [90.61444706300017, 21.976855424000178], [90.61767682600015, 21.951391627000135], [90.59972067800004, 21.922586861000127], [90.59605942800016, 21.894776746000105], [90.59526642500015, 21.844340805000115], [90.85741606600004, 21.838527058000068], [90.85577961100012, 22.048806309000042], [90.95622516300011, 22.027563443000076], [90.96193957200018, 22.049041261000127], [90.99311559200004, 22.12155672000017], [91.02130978300005, 22.191879196], [91.01507916200012, 22.256860234999976], [91.02367076600012, 22.29430651300015], [91.01244728900008, 22.320927297000082], [91.00087360600014, 22.368000290000168], [90.94596253300011, 22.471012784000152], [90.93147243300007, 22.493449556000087]]]}, "properties": {"districtName": "Bhola", "division": "Barishal", "area": 3471.7}}, {"type": "Feature", "geometry": {"type": "Polygon", "coordinates": [[[90.19046515600007, 22.47738586100013], [90.20963075500015, 22.501996811000083], [90.24950536500018, 22.519528653000066], [90.28000687100001, 22.541266013999973], [90.28915991600019, 22.56249355900019], [90.32856652000004, 22.579818799000122], [90.32586361900013, 22.604401784000117], [90.34669030400016, 22.612365147000105], [90.37631301600015, 22.589441079000153], [90.37978759200001, 22.60771723], [90.35911678200017, 22.621836633000044], [90.37421608900013, 22.640585404000092], [90.32382029600006, 22.660776981000026], [90.31847054299999, 22.675302637000186], [90.30122440600007, 22.68522377300019], [90.28763640700015, 22.6812639850001], [90.27258172, 22.690664543000025], [90.27293611100015, 22.7321551280001], [90.25650990600019, 22.75419078200008], [90.23215150400006, 22.75103463800008], [90.21690932700005, 22.760134911000137], [90.19730444300006, 22.784809598000038], [90.18107584200015, 22.775078056999973], [90.1756402630001, 22.751216744000033], [90.18627138800014, 22.738599762000092], [90.15708912800005, 22.71830521800007], [90.15453714000012, 22.70370825400005], [90.13782493500014, 22.672740071000078], [90.09806977200014, 22.652661340000066], [90.09854725500014, 22.62770089300011], [90.11012844700019, 22.609630272], [90.09529641400019, 22.59186472900012], [90.05600690100016, 22.57867137100004], [90.06450573900008, 22.55291583900015], [90.06366633500011, 22.505839935000097], [90.07775862300008, 22.49455483900016], [90.1129817710002, 22.499229372000116], [90.1329876440002, 22.485198841], [90.12355439900011, 22.46787457300013], [90.10114551500016, 22.44371406099998], [90.0773979390001, 22.43958281300013], [90.03021626800006, 22.440499565000152], [90.02728293000001, 22.427576285000043], [90.03902858000004, 22.40101074100005], [90.02184624900008, 22.390608213000178], [90.01766698600005, 22.37104691100012], [90.0558815650001, 22.35420084300017], [90.05079412500015, 22.33539048700004], [90.08849585400009, 22.345038247], [90.11219447600013, 22.36153174100008], [90.14655350400017, 22.410064936000026], [90.17639419900013, 22.43247556400013], [90.17677958400014, 22.459570493000115], [90.19046515600007, 22.47738586100013]]]}, "properties": {"districtName": "Jhalokati", "division": "Barishal", "area": 735.7}}, {"type": "Feature", "geometry": {"type": "Polygon", "coordinates": [[[90.59605942800016, 21.894776746000105], [90.59972067800004, 21.922586861000127], [90.61767682600015, 21.951391627000135], [90.61444706300017, 21.976855424000178], [90.58584789600008, 21.98848632900018], [90.59409474900019, 22.004126530000065], [90.58158614500013, 22.03342188700003], [90.57856577600006, 22.072103377000133], [90.58475384900004, 22.08888261300001], [90.58134289500009, 22.123059566000165], [90.58478452600019, 22.142040512000165], [90.57152549300014, 22.157854215000043], [90.61158167600013, 22.224264551000033], [90.63020637700009, 22.262506272000053], [90.65382221700008, 22.279716451000183], [90.66330632000012, 22.324971194000113], [90.66033593800017, 22.40640213400019], [90.66437114700017, 22.41796082800016], [90.65515540400014, 22.452656104000084], [90.62398008600013, 22.47843033000015], [90.58491058900006, 22.56102508700019], [90.5564162440001, 22.593480143000022], [90.53572065400016, 22.582080054000073], [90.545500554, 22.565488487000152], [90.51853819200005, 22.533456160000014], [90.49978652800019, 22.54385466100001], [90.49139405200003, 22.534643445000142], [90.45771914000011, 22.531743532000064], [90.43824377600004, 22.497116950000134], [90.4421065520001, 22.483758914000134], [90.43148881100007, 22.46319951600009], [90.37042240900007, 22.500159897000117], [90.33934555200017, 22.467941125000095], [90.31379145400018, 22.4811349900001], [90.29588299500017, 22.46784378500007], [90.27718018200017, 22.469462448000115], [90.23405626200008, 22.45372309100003], [90.21489270300015, 22.421261550000054], [90.19564552100013, 22.410619018000034], [90.18664616500018, 22.391858461000083], [90.18597380600005, 22.364619047000076], [90.17666448600005, 22.338965650000034], [90.14747939, 22.30786586300013], [90.1438273010001, 22.284176901000137], [90.16010375400009, 22.2470900240001], [90.22274835900015, 22.213236599000084], [90.2462902690001, 22.261738777000062], [90.27060917500017, 22.262976922000064], [90.28670716300019, 22.244175908000045], [90.3009152520001, 22.24246535100019], [90.32024585800008, 22.256585002000065], [90.35442658200009, 22.229692792000037], [90.36473861400009, 22.212906512000075], [90.3552994530001, 22.194502223000086], [90.36248041200014, 22.18078812599998], [90.34212006800004, 22.17165334400005], [90.33619333900003, 22.15727817300018], [90.3443721880002, 22.128051400000174], [90.3342889770002, 22.09874917600007], [90.31582192000013, 22.08133855500006], [90.2913146050002, 22.073051381000028], [90.27085557800018, 22.02627478900007], [90.23955619800006, 22.028810701000054], [90.22314162300017, 22.04152034100008], [90.20320294400005, 22.0849201690001], [90.18167373300014, 22.082249708], [90.18263527900012, 22.063791414000093], [90.20311476800003, 22.04137495500015], [90.20681019100005, 22.026935480000077], [90.17600399900016, 22.002831613000126], [90.19016409700009, 21.980342383999982], [90.15685393000012, 21.981709809999984], [90.13598733200007, 21.9576196430001], [90.14137307700008, 21.926626377000048], [90.1163072380001, 21.925202734000152], [90.11685564300006, 21.902344682000148], [90.10327726800006, 21.878822943000046], [90.09093448400006, 21.845577969000033], [90.07846804700017, 21.845033326000134], [90.10379581200016, 21.811102298000037], [90.1472541550001, 21.79714673500007], [90.1773526730002, 21.79440667900019], [90.21914898100005, 21.80650164800005], [90.2515333290001, 21.829175211000177], [90.32393156100011, 21.830971245000057], [90.40918224500007, 21.815587942000093], [90.43609141700006, 21.81728757900015], [90.46914298200016, 21.799776084000086], [90.48591571200006, 21.803386596000053], [90.5333973700001, 21.869663718000083], [90.59605942800016, 21.894776746000105]]]}, "properties": {"districtName": "Patuakhali", "division": "Barishal", "area": 3125.0}}, {"type": "Feature", "geometry": {"type": "Polygon", "coordinates": [[[90.1756402630001, 22.751216744000033], [90.141739541, 22.75645316900011], [90.08981613400005, 22.784251371000153], [90.07672768200018, 22.78237628900007], [90.05432531100013, 22.826594293000085], [90.03245196700004, 22.823896284000057], [90.03532536200004, 22.867302747], [90.01827904200007, 22.868624095000087], [89.99273408200014, 22.86409914400008], [89.94232238600011, 22.84596310300003], [89.93803276800008, 22.82350360900017], [89.91737281100018, 22.808990710000103], [89.93317065300005, 22.793238880000104], [89.90797414800011, 22.7752855330001], [89.90734323200013, 22.75654249000013], [89.9331978680001, 22.75197981600013], [89.92718270600017, 22.7218067500001], [89.90899636200015, 22.72713186800013], [89.86125615300011, 22.702317979000043], [89.86558985100004, 22.691097215000127], [89.90105753300008, 22.696529790000113], [89.91574083700016, 22.693755787000043], [89.9371022380002, 22.678518814000086], [89.90026850600009, 22.65043410200019], [89.92653895800015, 22.64416199200008], [89.91550366300004, 22.60371377200005], [89.95014604600016, 22.600450588000058], [89.96204187800015, 22.592499488000158], [89.95138849500017, 22.54636935999997], [89.92058532500005, 22.51109072700001], [89.96226056700004, 22.508332445000065], [89.96583001500011, 22.49270891900005], [89.9410944920001, 22.49260490500012], [89.91314751800007, 22.50456434200015], [89.88035875800017, 22.49725063400001], [89.8975187170002, 22.473378776000175], [89.93690778900003, 22.473627104000116], [89.94123223500009, 22.454427018000104], [89.92480082400004, 22.44313804], [89.91021511600007, 22.444380266000167], [89.86967521100019, 22.417706630999987], [89.87037017200004, 22.40732475800013], [89.89883188100015, 22.3736477920001], [89.89395546999998, 22.346621247000087], [89.87370500700018, 22.317957066000076], [89.85939566899998, 22.279364666000106], [89.85735738700009, 22.259114875000023], [89.86392978900017, 22.22441983600004], [89.88200461200006, 22.200100007000117], [89.89013107800014, 22.15701710500008], [89.92164097699998, 22.157122814], [89.94024557000006, 22.174352256000077], [89.95639981200014, 22.180155185000103], [89.97990701200018, 22.20629364500013], [89.99901184800018, 22.211459466000065], [89.99580245200019, 22.227938537000114], [90.01715066500003, 22.228114784000013], [90.0271690740002, 22.256644428000186], [90.01923646900013, 22.273856034000175], [90.03145520400011, 22.3035899140001], [90.05079412500015, 22.33539048700004], [90.0558815650001, 22.35420084300017], [90.01766698600005, 22.37104691100012], [90.02184624900008, 22.390608213000178], [90.03902858000004, 22.40101074100005], [90.02728293000001, 22.427576285000043], [90.03021626800006, 22.440499565000152], [90.0773979390001, 22.43958281300013], [90.10114551500016, 22.44371406099998], [90.12355439900011, 22.46787457300013], [90.1329876440002, 22.485198841], [90.1129817710002, 22.499229372000116], [90.07775862300008, 22.49455483900016], [90.06366633500011, 22.505839935000097], [90.06450573900008, 22.55291583900015], [90.05600690100016, 22.57867137100004], [90.09529641400019, 22.59186472900012], [90.11012844700019, 22.609630272], [90.09854725500014, 22.62770089300011], [90.09806977200014, 22.652661340000066], [90.13782493500014, 22.672740071000078], [90.15453714000012, 22.70370825400005], [90.15708912800005, 22.71830521800007], [90.18627138800014, 22.738599762000092], [90.1756402630001, 22.751216744000033]]]}, "properties": {"districtName": "Pirojpur", "division": "Barishal", "area": 1272.7}}, {"type": "Feature", "geometry": {"type": "Polygon", "coordinates": [[[92.61377443400016, 21.850996162000058], [92.6059633380001, 21.86050440600019], [92.5986335020001, 21.89235569100009], [92.58540454500019, 21.913098263], [92.57686549100015, 21.939068243000122], [92.56695038400017, 21.948831593000023], [92.5343307390001, 22.009174848000157], [92.54114870500007, 22.0370959170001], [92.52049462600007, 22.05416142900009], [92.51955927200015, 22.067467592000128], [92.50465933500004, 22.08002459100004], [92.51175439700017, 22.111527934000094], [92.50413251700013, 22.152466041000082], [92.4919885060001, 22.16736817200001], [92.48739760900014, 22.202894471000093], [92.47768207500008, 22.207951818000083], [92.4734928260001, 22.232780116000015], [92.45645644700016, 22.255862099000183], [92.42944018000009, 22.2694477120001], [92.41781873200006, 22.282455214000038], [92.3882881720001, 22.332845544000065], [92.33379695800005, 22.334623948000115], [92.30869923500006, 22.345631001000015], [92.26887395600016, 22.338036154], [92.22141909800018, 22.31091294900017], [92.213006555, 22.31312282000016], [92.20087807100015, 22.345014396000067], [92.19026772900008, 22.349985213000082], [92.1487386880001, 22.34938592900005], [92.15745078200007, 22.33173231800015], [92.15001602700016, 22.317993215000172], [92.15061122900005, 22.295792651], [92.14085382600013, 22.286235085000044], [92.14448331000006, 22.247420264000084], [92.14015273900014, 22.234205849000148], [92.14587684000008, 22.21133474200002], [92.165468954, 22.183022109000035], [92.15755459400015, 22.16576968600009], [92.16069810600015, 22.128599852000093], [92.17102705100012, 22.107168323000053], [92.1483407670001, 22.09724654000007], [92.15767515100009, 22.0768650550001], [92.17905445100013, 22.063081979000117], [92.16412263800004, 22.043780266000113], [92.17975773300003, 22.02545675200014], [92.20363883400006, 22.017644776000168], [92.20356042500003, 21.988615260000074], [92.2095263920001, 21.971227268000064], [92.18452195400016, 21.944756923000057], [92.16056774700013, 21.94479156500006], [92.16451304000014, 21.911631250000028], [92.12926825000005, 21.90183988900003], [92.11153685000005, 21.916866681000045], [92.08828357800002, 21.92542185400015], [92.06301341300002, 21.910663328000055], [92.08517582200011, 21.884921914000074], [92.09069493800007, 21.830012868000097], [92.0793660380001, 21.82109403800007], [92.08304401400011, 21.805300852000187], [92.10372817200005, 21.80400461300013], [92.10729197000018, 21.789492564000113], [92.13596852400002, 21.791799470000058], [92.14349224200015, 21.776808960000153], [92.16452482100016, 21.773067275000074], [92.18163227100007, 21.802449557000045], [92.18037993299998, 21.818638846000113], [92.19791146700015, 21.82405899400004], [92.21165388499998, 21.786187052000173], [92.17755441700018, 21.77996020100005], [92.16263358700019, 21.768473122000046], [92.15693434800016, 21.735535553000148], [92.12355678600017, 21.73578428100012], [92.11803471800016, 21.71421152700003], [92.10738362900003, 21.702126955999972], [92.10316232200012, 21.68023206700019], [92.11359577500014, 21.66416976700009], [92.11281701200011, 21.62855228800015], [92.14221269100005, 21.615653102000124], [92.14658405400013, 21.59571641000008], [92.1681284390001, 21.60320081200007], [92.1720058480002, 21.582768956999985], [92.18591002600004, 21.564512988000047], [92.15831986300014, 21.532178406000014], [92.1711010520001, 21.50881135500009], [92.1831570390001, 21.500585543], [92.20191715300012, 21.508315113000094], [92.22486154600006, 21.488359099000036], [92.22349274800018, 21.477527636000104], [92.24071138400018, 21.465946860000088], [92.23222199300005, 21.431486391000135], [92.2410945520001, 21.422694434000164], [92.2361704560002, 21.395042291000095], [92.2189276040001, 21.398303330000147], [92.20266888500015, 21.388873446000105], [92.1887070890001, 21.42405564600017], [92.17831714400012, 21.432015953000075], [92.15764816700016, 21.429068802000188], [92.14714179800012, 21.40688044799998], [92.1277493990001, 21.401668828000084], [92.15218780900011, 21.322375587000067], [92.19026125800019, 21.260702512000023], [92.17922174000017, 21.23557258599999], [92.16613249500011, 21.22032935599998], [92.16967042300013, 21.190532541000096], [92.17639488500015, 21.18348796200013], [92.20620834700009, 21.209612507000145], [92.21897168700008, 21.234867987000086], [92.21747292900005, 21.278222121], [92.19840144500006, 21.30945555000011], [92.19735358000008, 21.32840146100017], [92.22434058800013, 21.351897556000097], [92.25878763200012, 21.364535774000046], [92.25611001400011, 21.391056982000123], [92.26956277400012, 21.4000408390001], [92.26921158800019, 21.427704386000073], [92.29160532100008, 21.430957115000183], [92.29728446500013, 21.419050188000085], [92.3301717700001, 21.4197628980001], [92.341747887, 21.461929974000043], [92.36762283700006, 21.479768950999983], [92.3797191880002, 21.4812246460001], [92.41201260700007, 21.442012525999985], [92.42652690099999, 21.43222266900011], [92.43134774900011, 21.410475868000105], [92.42781325400011, 21.37997220400007], [92.44135990400008, 21.365288211000063], [92.4566590600001, 21.369191220000175], [92.49735288200009, 21.351467048000018], [92.52393672600016, 21.3715444930001], [92.55669869400015, 21.384406130000116], [92.58979434700018, 21.27875269800012], [92.59472992300016, 21.246135734000063], [92.61661560400006, 21.248205694999967], [92.6304692970001, 21.268813815000158], [92.67523833900009, 21.284212297000067], [92.67809993800017, 21.29960018600002], [92.66544178000015, 21.31669731900007], [92.65224600300019, 21.355846625000083], [92.63789642000012, 21.43222299700011], [92.6252410960002, 21.475955837000186], [92.61817392000006, 21.515856142000075], [92.61482125700019, 21.56841870700015], [92.60849240400012, 21.58368753400009], [92.60933643600015, 21.62357185000019], [92.60151645400009, 21.65786596400011], [92.60592469800014, 21.68996613300004], [92.59997126200011, 21.702134699], [92.61090219800019, 21.77566289900011], [92.60717234000015, 21.80145830400005], [92.61460886600014, 21.831049304000032], [92.61377443400016, 21.850996162000058]]]}, "properties": {"districtName": "Bandarban", "division": "Chattogram", "area": 4591.0}}, {"type": "Feature", "geometry": {"type": "Polygon", "coordinates": [[[91.30347730600016, 23.9961569030001], [91.31269696600003, 24.041233847000115], [91.30420777500007, 24.057286142], [91.28563856300002, 24.063028748000193], [91.29254300400015, 24.094638815], [91.26989620200004, 24.097939709000116], [91.27230862300007, 24.12429144200007], [91.26854402200007, 24.159655125000143], [91.2775466290002, 24.182774429000062], [91.30803244900017, 24.192422960000044], [91.28505245300005, 24.219012444000043], [91.32788553100005, 24.242516787000113], [91.32554587900012, 24.260746944000118], [91.30748738200009, 24.269012586000088], [91.29413437300008, 24.259121107000112], [91.27445999700006, 24.225165473000118], [91.19610531400008, 24.240277454000022], [91.17527979, 24.26551884900016], [91.13955097799999, 24.244294880999973], [91.08724967600011, 24.24109232000012], [91.07525068200016, 24.21495619700005], [91.03908442200003, 24.213734752000164], [91.01068537200018, 24.179914672000166], [90.98424239000008, 24.158647611000106], [90.99733621900015, 24.142839270000138], [91.04089310700016, 24.11894332600008], [91.05007444600017, 24.09012279000018], [91.03646678600012, 24.072015522000186], [91.01203778100012, 24.05804290100002], [90.98668248600018, 24.035309430000154], [90.97046866200014, 24.01301103800006], [90.97389515200013, 23.98232992300018], [90.97009542800015, 23.96870522200004], [90.95434432600001, 23.959059006000075], [90.94868100500014, 23.92637291200009], [90.93253001200009, 23.915247779000026], [90.91737777800012, 23.879334370000095], [90.88997821100014, 23.86589576800003], [90.85796453300003, 23.878536782000026], [90.83924353600014, 23.866928042000154], [90.7659916990001, 23.863633908999986], [90.7593427590001, 23.85232952700011], [90.76648311200017, 23.825182570000095], [90.76278967400009, 23.797660163000046], [90.7337139830002, 23.761840749000044], [90.72335684200004, 23.747639025000012], [90.72354592500017, 23.72502174300007], [90.74146338800017, 23.69294376600004], [90.77638497100008, 23.706493200000068], [90.78090298500018, 23.734553350000112], [90.8114610830001, 23.73725687900003], [90.83449814100015, 23.724613384000122], [90.86894830700004, 23.718223592000072], [90.8820364230001, 23.725343420000115], [90.88539841400018, 23.753490064000175], [90.96955084900014, 23.78291821500011], [91.034526664, 23.796269554], [91.04718423600013, 23.77067804800015], [91.05796623700007, 23.76327210000005], [91.06241770900016, 23.742698219000147], [91.10411607400016, 23.704664611000055], [91.12412453400009, 23.676513980000095], [91.1415509110002, 23.665049803000045], [91.15631441800002, 23.66873353500017], [91.1757277100001, 23.65876805900001], [91.20056422600004, 23.65650962800015], [91.20416518300016, 23.679473016000145], [91.19347779600008, 23.690479122000056], [91.15317071600015, 23.68879316300007], [91.14847701100001, 23.711860390000083], [91.15580003800011, 23.736583419999988], [91.1676628990001, 23.75019700400003], [91.20968485600008, 23.748999992999984], [91.23067084500019, 23.766433755000094], [91.22636283500009, 23.791123043000084], [91.2544756480001, 23.83778622300008], [91.22960694900007, 23.880838975000188], [91.22875920799999, 23.89740410900015], [91.24477803400009, 23.90736740000017], [91.24113227500015, 23.922853377000138], [91.27529956200016, 23.92467556800017], [91.26409426800012, 23.945358544000158], [91.28236324900013, 23.979011653999976], [91.29744404200011, 23.975979041000187], [91.30347730600016, 23.9961569030001]]]}, "properties": {"districtName": "Brahmanbaria", "division": "Chattogram", "area": 1928.3}}, {"type": "Feature", "geometry": {"type": "Polygon", "coordinates": [[[90.68629742700017, 23.495418316000098], [90.66505684100008, 23.49535235800016], [90.64145090400012, 23.504355091000093], [90.62390827200005, 23.491489536000074], [90.60424280299998, 23.49526359200007], [90.5841995240001, 23.48371512100016], [90.57437841600017, 23.443220073000134], [90.54637473700012, 23.407485728000097], [90.53875488500012, 23.379713095], [90.57121503600013, 23.351184369000123], [90.57476487500008, 23.3376273720001], [90.55455255800007, 23.297869334000154], [90.58182620500014, 23.25260192000013], [90.59555090000015, 23.2473972520001], [90.59480343500007, 23.212043264000044], [90.57994443500019, 23.173699920000047], [90.56630612000004, 23.164824967000186], [90.56712884500013, 23.14060691399999], [90.55564177600013, 23.12453068399998], [90.52720869199999, 23.11665210600006], [90.53292154600018, 23.093544424000186], [90.54483049600003, 23.08013315200003], [90.57136902300016, 23.04943935299997], [90.59538698600011, 23.030342926000117], [90.617619386, 23.002460717000133], [90.63717859100018, 22.99883324700005], [90.65177034000004, 22.983006697000064], [90.66414436000014, 23.008338123999977], [90.66669619800007, 23.036027077000085], [90.66193244400012, 23.04970494300011], [90.68550191300005, 23.0625554880001], [90.70690087100013, 23.059236485000042], [90.73084349400006, 23.040915079000058], [90.77073647000003, 23.075502024000173], [90.78625169100007, 23.07559041900015], [90.79687761400004, 23.116441891000136], [90.81305380100008, 23.11777748800006], [90.84823048600015, 23.14606305600006], [90.84634047900016, 23.16084149599999], [90.8674715960002, 23.16807226700007], [90.8926042760001, 23.164788524000073], [90.9027860590001, 23.149957863], [90.9406539100001, 23.141636548000122], [90.96256701600004, 23.130850540000097], [90.9798447770001, 23.133108351000146], [91.00695419400006, 23.140086637000024], [91.00647004500001, 23.167371799000023], [90.99892669100012, 23.18005148600014], [91.0146419900002, 23.19356258500011], [91.0139840290002, 23.211823228000128], [91.02818810300005, 23.230222158000117], [91.0129107940001, 23.26428151800019], [91.00423671300018, 23.26802547600016], [90.99405513500011, 23.292891819000147], [90.98026217900014, 23.2885469200001], [90.9724115140001, 23.320654727999965], [90.94404235400015, 23.34622312900018], [90.93277628300012, 23.347248067000066], [90.92799158200006, 23.379501175000087], [90.90107435300007, 23.39461820700012], [90.89113579800011, 23.408790300000078], [90.88127416800017, 23.44733703500009], [90.86188052500006, 23.453691134999985], [90.846246345, 23.472800866000114], [90.81725938200015, 23.463200037000036], [90.7928258230001, 23.434163578000152], [90.77689994600019, 23.441684059000067], [90.76227721100008, 23.422614242000066], [90.7338245850001, 23.420826603000023], [90.71168525900003, 23.432437553000057], [90.71103709700009, 23.449540087000116], [90.68629742700017, 23.495418316000098]]]}, "properties": {"districtName": "Chandpur", "division": "Chattogram", "area": 1719.8}}, {"type": "Feature", "geometry": {"type": "MultiPolygon", "coordinates": [[[[91.71044126900011, 22.984418335000157], [91.69884112900007, 22.98973578900012], [91.64077394400005, 22.974670302000163], [91.61614251500009, 22.951327718000073], [91.59826661900007, 22.97664220000007], [91.57751832200006, 22.967290687], [91.56780407000014, 22.95732412600006], [91.54542894900004, 22.956699676000085], [91.535177395, 22.94248891900014], [91.5330280180001, 22.919389678000186], [91.50506851700015, 22.90389517300008], [91.47030832300015, 22.906142108000097], [91.460899826, 22.895607886000107], [91.47213846800014, 22.882975234000128], [91.46055920600008, 22.83018200100014], [91.44373076900007, 22.80284538900014], [91.45141462600003, 22.738684677000094], [91.47721520400012, 22.70026468300017], [91.49425289100003, 22.654056384000057], [91.517220689, 22.632185013000026], [91.5199081400001, 22.61955368200006], [91.55629382900014, 22.5803014870001], [91.57660458100008, 22.547675790000085], [91.61573040200005, 22.496598553000183], [91.6328046370001, 22.457155515000125], [91.64490438100012, 22.40642948800013], [91.73901568500008, 22.408891853000057], [91.75496704900007, 22.285085211000137], [91.77331889000016, 22.262960333000024], [91.77852853000007, 22.232131923000168], [91.81216897200011, 22.2078371610001], [91.80869329200016, 22.189204008], [91.81527874200003, 22.161973723000187], [91.84255379100017, 22.110495974000173], [91.85768793500006, 22.108208999], [91.86459288500009, 22.07526645500019], [91.88073864699999, 22.042287772000066], [91.88525891400019, 22.008042492000072], [91.87763151900015, 21.94574302300009], [91.89889677200006, 21.94047959000011], [91.91432160300008, 21.857779702000187], [91.9235783040001, 21.875882946000047], [91.96892780500008, 21.885560868000027], [91.97422735800006, 21.904317557000013], [91.99753951500008, 21.908542460000092], [92.03658104200014, 21.907892126000093], [92.04066800600009, 21.921906477000164], [92.06301341300002, 21.910663328000055], [92.08828357800002, 21.92542185400015], [92.11153685000005, 21.916866681000045], [92.12926825000005, 21.90183988900003], [92.16451304000014, 21.911631250000028], [92.16056774700013, 21.94479156500006], [92.18452195400016, 21.944756923000057], [92.2095263920001, 21.971227268000064], [92.20356042500003, 21.988615260000074], [92.20363883400006, 22.017644776000168], [92.17975773300003, 22.02545675200014], [92.16412263800004, 22.043780266000113], [92.17905445100013, 22.063081979000117], [92.15767515100009, 22.0768650550001], [92.1483407670001, 22.09724654000007], [92.17102705100012, 22.107168323000053], [92.16069810600015, 22.128599852000093], [92.15755459400015, 22.16576968600009], [92.165468954, 22.183022109000035], [92.14587684000008, 22.21133474200002], [92.14015273900014, 22.234205849000148], [92.14448331000006, 22.247420264000084], [92.14085382600013, 22.286235085000044], [92.15061122900005, 22.295792651], [92.15001602700016, 22.317993215000172], [92.15745078200007, 22.33173231800015], [92.1487386880001, 22.34938592900005], [92.13510669900006, 22.37781788000018], [92.12389066200012, 22.374087285000144], [92.10165931400007, 22.40672687300014], [92.1379669690001, 22.43776163200016], [92.14278881600018, 22.455368554000188], [92.13201538400017, 22.479441982000026], [92.13045275600018, 22.49819224500004], [92.10110574700019, 22.58354674600014], [92.08258964300012, 22.59950285700006], [92.0744828010001, 22.618445007000048], [92.03443904300013, 22.616666584000086], [92.0180299340002, 22.611275312000032], [92.00762948100004, 22.591309604000116], [92.01813394600009, 22.57279971800017], [92.01577839600003, 22.55440589700015], [92.02717907900018, 22.529319567000186], [92.0171423760001, 22.50458834799997], [91.9968746360002, 22.49042889000009], [91.97357697400008, 22.49053309200002], [91.97790114500003, 22.511295760000053], [91.95652444300003, 22.58941657800017], [91.93968130700011, 22.625595068000052], [91.94319104599998, 22.66696267400016], [91.92810236500009, 22.688605310000128], [91.8846354170002, 22.69823701399997], [91.87798741300008, 22.717231521000144], [91.89125080200017, 22.761777251000126], [91.85837753300007, 22.774902937000093], [91.84464419500011, 22.775215821000018], [91.81875136100001, 22.790413378999972], [91.79572216400015, 22.77156567900016], [91.77648245300014, 22.793553885000165], [91.75728011800004, 22.841638208000063], [91.75676771000008, 22.860097956000118], [91.73080913900014, 22.876055256000086], [91.71811542400013, 22.893642541000133], [91.72838163800009, 22.93433626200016], [91.72857149200019, 22.952594131000126], [91.7198680790001, 22.98291653700005], [91.71044126900011, 22.984418335000157]]], [[[91.35338716800004, 22.599510133000138], [91.34649591900012, 22.60938825500017], [91.32348975200006, 22.610388007000097], [91.33783313200007, 22.58924062300008], [91.35338716800004, 22.599510133000138]]], [[[91.55899509200009, 22.47908072400014], [91.53991758100017, 22.514453822], [91.50225005300018, 22.56668132300007], [91.45609198900002, 22.61333561300006], [91.43942529600008, 22.618132878000097], [91.42411501600003, 22.607209940000132], [91.40956334600003, 22.58057216500015], [91.41382382900002, 22.565607123], [91.39039195400011, 22.56552250200002], [91.38310721800008, 22.546493799000075], [91.38293173300019, 22.486546859000157], [91.39331578900016, 22.450721748000092], [91.38491996800013, 22.436615735000146], [91.40666364700019, 22.428364312000156], [91.43145111600006, 22.403434703000073], [91.46072465900016, 22.393806601000108], [91.51573957200014, 22.385787978000053], [91.55672535100018, 22.395773907000034], [91.5699506750002, 22.40510898900004], [91.5778309370001, 22.423206215000107], [91.55899509200009, 22.47908072400014]]], [[[91.31120302500017, 22.661798441000144], [91.36640000600005, 22.65443669800004], [91.37906138800014, 22.684833709000088], [91.40038893100007, 22.670509100000118], [91.40681401000012, 22.6838561080001], [91.38136333400018, 22.716619808000075], [91.34925686900016, 22.72978262400011], [91.3423176010001, 22.702074365000158], [91.33001523300004, 22.677417926000146], [91.31120302500017, 22.661798441000144]]]]}, "properties": {"districtName": "Chattogram", "division": "Chattogram", "area": 4879.2}}, {"type": "Feature", "geometry": {"type": "Polygon", "coordinates": [[[91.15631441800002, 23.66873353500017], [91.1415509110002, 23.665049803000045], [91.12412453400009, 23.676513980000095], [91.10411607400016, 23.704664611000055], [91.06241770900016, 23.742698219000147], [91.05796623700007, 23.76327210000005], [91.04718423600013, 23.77067804800015], [91.034526664, 23.796269554], [90.96955084900014, 23.78291821500011], [90.88539841400018, 23.753490064000175], [90.8820364230001, 23.725343420000115], [90.86894830700004, 23.718223592000072], [90.83449814100015, 23.724613384000122], [90.8114610830001, 23.73725687900003], [90.78090298500018, 23.734553350000112], [90.77638497100008, 23.706493200000068], [90.74146338800017, 23.69294376600004], [90.73302106500006, 23.669925578000118], [90.70400681300015, 23.6673801230001], [90.67968921100015, 23.6828795240001], [90.64992894000011, 23.677636561000156], [90.63190473100008, 23.628001768000047], [90.62519797900012, 23.61919549000004], [90.6504807890002, 23.618471406000026], [90.66345001700017, 23.59479921200017], [90.647629731, 23.58909429900018], [90.6477426030001, 23.573027476000163], [90.6673393210001, 23.57133455100012], [90.68478500100008, 23.55813917500012], [90.70535551000006, 23.507605984000065], [90.68629742700017, 23.495418316000098], [90.71103709700009, 23.449540087000116], [90.71168525900003, 23.432437553000057], [90.7338245850001, 23.420826603000023], [90.76227721100008, 23.422614242000066], [90.77689994600019, 23.441684059000067], [90.7928258230001, 23.434163578000152], [90.81725938200015, 23.463200037000036], [90.846246345, 23.472800866000114], [90.86188052500006, 23.453691134999985], [90.88127416800017, 23.44733703500009], [90.89113579800011, 23.408790300000078], [90.90107435300007, 23.39461820700012], [90.92799158200006, 23.379501175000087], [90.93277628300012, 23.347248067000066], [90.94404235400015, 23.34622312900018], [90.9724115140001, 23.320654727999965], [90.98026217900014, 23.2885469200001], [90.99405513500011, 23.292891819000147], [91.00423671300018, 23.26802547600016], [91.0129107940001, 23.26428151800019], [91.02818810300005, 23.230222158000117], [91.0139840290002, 23.211823228000128], [91.0146419900002, 23.19356258500011], [90.99892669100012, 23.18005148600014], [91.00647004500001, 23.167371799000023], [91.00695419400006, 23.140086637000024], [90.9798447770001, 23.133108351000146], [90.98543845600005, 23.115634234000026], [91.03795980300015, 23.11002258300016], [91.0506421570002, 23.081288263000147], [91.08698282400007, 23.067505296000036], [91.13384428500007, 23.07469298900014], [91.16372815400007, 23.082744529000024], [91.18651056300013, 23.060216265000122], [91.20785710800004, 23.066900812000142], [91.21932617600004, 23.060844870000153], [91.259223884, 23.055912232000082], [91.28063243600019, 23.057668534000072], [91.3083568880001, 23.051844065000182], [91.33007107400016, 23.066605786000025], [91.36940819800009, 23.07022220500005], [91.34711834900014, 23.101382086000115], [91.32470706700013, 23.169808979000095], [91.32365775800008, 23.237608694000016], [91.30024622400015, 23.292990097000086], [91.31008452800006, 23.31430402500007], [91.29018949300018, 23.31952193400008], [91.29645087000017, 23.34076420600013], [91.27989603300006, 23.376954077000164], [91.27626298100006, 23.41298087700011], [91.25151322800008, 23.452964719000136], [91.25209114300003, 23.4812690710001], [91.2177424360001, 23.500319912000123], [91.20026490500004, 23.5206725700001], [91.20913584900006, 23.546896743], [91.19419970000013, 23.54765788399999], [91.18579639300003, 23.578099542000075], [91.16456153000013, 23.593632131000106], [91.15730155000017, 23.622805785000082], [91.16070157100006, 23.654413024], [91.15631441800002, 23.66873353500017]]]}, "properties": {"districtName": "Cumilla", "division": "Chattogram", "area": 3097.3}}, {"type": "Feature", "geometry": {"type": "MultiPolygon", "coordinates": [[[[92.06301341300002, 21.910663328000055], [92.04066800600009, 21.921906477000164], [92.03658104200014, 21.907892126000093], [91.99753951500008, 21.908542460000092], [91.97422735800006, 21.904317557000013], [91.96892780500008, 21.885560868000027], [91.9235783040001, 21.875882946000047], [91.91432160300008, 21.857779702000187], [91.9032985560001, 21.850233204000176], [91.89269301600012, 21.819981269000095], [91.85574984400017, 21.73148714299998], [91.87282302000011, 21.722236459000044], [91.85890431700017, 21.69724079700012], [91.85447056300012, 21.67224624700009], [91.8435610520001, 21.647662111999978], [91.84644567000004, 21.587041947000046], [91.85269459000017, 21.57503278900009], [91.84726928600014, 21.51895250900003], [91.86637943000005, 21.49556045999998], [91.893937941, 21.474460643999976], [91.92131963600013, 21.47930633400017], [91.92183030500019, 21.490962238], [91.96177471200019, 21.499935549000043], [91.97564150200003, 21.480601195000133], [91.94661979, 21.465711365], [91.95681013400014, 21.443114962000095], [91.9864403860002, 21.410734001000094], [92.02043054, 21.36274996600008], [92.04798883100017, 21.286239237000075], [92.043766349, 21.234494905000076], [92.04617854900016, 21.18457084800019], [92.05443823700017, 21.16702923700018], [92.09972061400009, 21.112047788000154], [92.17400191400014, 21.027062115000035], [92.18820364500004, 21.004863041000192], [92.20269461400005, 20.957648833000064], [92.22478306700009, 20.912473045000183], [92.253117315, 20.873952082000187], [92.28872820700002, 20.80891859900015], [92.30455420800007, 20.761206830000106], [92.31538016600012, 20.74235937700007], [92.34616739400019, 20.71991493200011], [92.36401917000006, 20.7276035160001], [92.3604765610001, 20.7535731910001], [92.34671845700007, 20.77809350500013], [92.33106917200013, 20.83924724700006], [92.3148515650002, 20.88663903900016], [92.28410390700003, 20.919175978000112], [92.27086871400019, 20.94044306000012], [92.27154604200007, 20.98079077000017], [92.26363991600016, 21.011746072000108], [92.25401557999999, 21.023660820000032], [92.26459119800018, 21.062264911], [92.25882547600008, 21.07917201200013], [92.23406063600004, 21.097057045000156], [92.22390527599998, 21.120435285000042], [92.20748683900018, 21.11897941100017], [92.19812914100004, 21.13824362700018], [92.19975355200006, 21.16150323300019], [92.17673490300001, 21.159724036000114], [92.17639488500015, 21.18348796200013], [92.16967042300013, 21.190532541000096], [92.16613249500011, 21.22032935599998], [92.17922174000017, 21.23557258599999], [92.19026125800019, 21.260702512000023], [92.15218780900011, 21.322375587000067], [92.1277493990001, 21.401668828000084], [92.14714179800012, 21.40688044799998], [92.15764816700016, 21.429068802000188], [92.17831714400012, 21.432015953000075], [92.1887070890001, 21.42405564600017], [92.20266888500015, 21.388873446000105], [92.2189276040001, 21.398303330000147], [92.2361704560002, 21.395042291000095], [92.2410945520001, 21.422694434000164], [92.23222199300005, 21.431486391000135], [92.24071138400018, 21.465946860000088], [92.22349274800018, 21.477527636000104], [92.22486154600006, 21.488359099000036], [92.20191715300012, 21.508315113000094], [92.1831570390001, 21.500585543], [92.1711010520001, 21.50881135500009], [92.15831986300014, 21.532178406000014], [92.18591002600004, 21.564512988000047], [92.1720058480002, 21.582768956999985], [92.1681284390001, 21.60320081200007], [92.14658405400013, 21.59571641000008], [92.14221269100005, 21.615653102000124], [92.11281701200011, 21.62855228800015], [92.11359577500014, 21.66416976700009], [92.10316232200012, 21.68023206700019], [92.10738362900003, 21.702126955999972], [92.11803471800016, 21.71421152700003], [92.12355678600017, 21.73578428100012], [92.15693434800016, 21.735535553000148], [92.16263358700019, 21.768473122000046], [92.17755441700018, 21.77996020100005], [92.21165388499998, 21.786187052000173], [92.19791146700015, 21.82405899400004], [92.18037993299998, 21.818638846000113], [92.18163227100007, 21.802449557000045], [92.16452482100016, 21.773067275000074], [92.14349224200015, 21.776808960000153], [92.13596852400002, 21.791799470000058], [92.10729197000018, 21.789492564000113], [92.10372817200005, 21.80400461300013], [92.08304401400011, 21.805300852000187], [92.0793660380001, 21.82109403800007], [92.09069493800007, 21.830012868000097], [92.08517582200011, 21.884921914000074], [92.06301341300002, 21.910663328000055]]], [[[91.87017593400009, 21.92308538499998], [91.8460921050002, 21.89634056300008], [91.8408954730001, 21.858453721000046], [91.85122577500005, 21.825838840000074], [91.84213115900019, 21.80510526600017], [91.84471864600016, 21.77539699600004], [91.83311694400015, 21.76028098200004], [91.829382855, 21.72323000900019], [91.84336987700004, 21.722106294000184], [91.87732324600012, 21.82143474999998], [91.89462928500018, 21.860806927000112], [91.89435725000016, 21.89058337600011], [91.87980583900008, 21.921144500000082], [91.87017593400009, 21.92308538499998]]]]}, "properties": {"districtName": "Cox's Bazar", "division": "Chattogram", "area": 2326.7}}, {"type": "Feature", "geometry": {"type": "Polygon", "coordinates": [[[91.57751832200006, 22.967290687], [91.55633063800008, 22.978947083000094], [91.5570232390001, 22.99612877200019], [91.54244037600012, 22.99895146400013], [91.55009307400019, 23.03844883000005], [91.53059720100015, 23.038692898000136], [91.5351685280001, 23.06350902300005], [91.51145218900007, 23.104474948000018], [91.51454547700018, 23.122877803000108], [91.49096174400012, 23.15777840500016], [91.50318217800015, 23.192235942000025], [91.48491133900018, 23.188364821000107], [91.48441424400016, 23.20935894000013], [91.45786513100018, 23.246169521000013], [91.45414830900017, 23.260397688000182], [91.41048204100014, 23.258741515], [91.39131800800016, 23.246754104], [91.39845024600015, 23.22945451000004], [91.38388903900017, 23.212304146000122], [91.38151106800018, 23.184625762000053], [91.38782226100017, 23.15303029100005], [91.40222273800003, 23.113510026000142], [91.39963945700003, 23.096551596000097], [91.410578456, 23.06612889100012], [91.39425223000012, 23.056607802000087], [91.36940819800009, 23.07022220500005], [91.33007107400016, 23.066605786000025], [91.3083568880001, 23.051844065000182], [91.28063243600019, 23.057668534000072], [91.259223884, 23.055912232000082], [91.26498354800015, 23.025530475000096], [91.25606735900004, 22.965121417000148], [91.26203672400004, 22.944896611000047], [91.26303570300018, 22.911574167000026], [91.25002329700004, 22.90313504600016], [91.26862776100012, 22.884770020000076], [91.28009626900013, 22.90159952099998], [91.30059387400013, 22.896487020000052], [91.31273735100007, 22.907745107000096], [91.34235839700011, 22.906559009000034], [91.3357449720001, 22.8435023560001], [91.32364061900017, 22.836883689000047], [91.31184850000017, 22.809235354000066], [91.34300529200004, 22.787231192000036], [91.37193848000004, 22.796125187000086], [91.38038799000014, 22.776118991000146], [91.41790679500019, 22.760725060000027], [91.45141462600003, 22.738684677000094], [91.44373076900007, 22.80284538900014], [91.46055920600008, 22.83018200100014], [91.47213846800014, 22.882975234000128], [91.460899826, 22.895607886000107], [91.47030832300015, 22.906142108000097], [91.50506851700015, 22.90389517300008], [91.5330280180001, 22.919389678000186], [91.535177395, 22.94248891900014], [91.54542894900004, 22.956699676000085], [91.56780407000014, 22.95732412600006], [91.57751832200006, 22.967290687]]]}, "properties": {"districtName": "Feni", "division": "Chattogram", "area": 929.5}}, {"type": "Feature", "geometry": {"type": "Polygon", "coordinates": [[[92.07805215200011, 23.647905734], [92.0407005080001, 23.648444919000156], [92.02483110200018, 23.661679415000037], [92.00046259600009, 23.67164113700005], [91.97754491700005, 23.733880966000072], [91.95664843800006, 23.73393471900016], [91.94892939900006, 23.714831955000022], [91.95339162700014, 23.69378084600004], [91.93423352600013, 23.68579365100004], [91.9463449210001, 23.64583470800011], [91.941094733, 23.634638911000025], [91.9511053600001, 23.61612767200006], [91.95733413700003, 23.551307831000088], [91.96752355200016, 23.510891006000065], [91.96660399600006, 23.468806099000062], [91.9503551090001, 23.464888347000112], [91.93980369000002, 23.449977623000052], [91.92242288000011, 23.453394019000143], [91.89295036800013, 23.432290386999966], [91.84230783000015, 23.390591926000127], [91.82652693200009, 23.399012342000162], [91.79046391100002, 23.391614294000192], [91.79724327600007, 23.36671090500016], [91.78193300400005, 23.335935642000095], [91.74687323300003, 23.311901813000077], [91.76351046000019, 23.30212095400003], [91.76394846500011, 23.273373040000138], [91.77561105299998, 23.26769474300005], [91.78889372500015, 23.22482920500005], [91.7868870900001, 23.20757735300009], [91.80458751800006, 23.179731784000182], [91.8124803030002, 23.145866193000018], [91.80992186999998, 23.121726382000134], [91.81677913800019, 23.103264392000085], [91.83367709800018, 23.094427118], [91.79910179300009, 23.065476686000068], [91.77905101200014, 23.058581054000058], [91.78346008500017, 23.03862172200013], [91.76123134000011, 23.03053576800005], [91.74204408200006, 23.006539702000055], [91.71044126900011, 22.984418335000157], [91.7198680790001, 22.98291653700005], [91.72857149200019, 22.952594131000126], [91.72838163800009, 22.93433626200016], [91.71811542400013, 22.893642541000133], [91.73080913900014, 22.876055256000086], [91.75676771000008, 22.860097956000118], [91.75728011800004, 22.841638208000063], [91.77648245300014, 22.793553885000165], [91.79572216400015, 22.77156567900016], [91.81875136100001, 22.790413378999972], [91.84464419500011, 22.775215821000018], [91.85837753300007, 22.774902937000093], [91.89125080200017, 22.761777251000126], [91.87798741300008, 22.717231521000144], [91.8846354170002, 22.69823701399997], [91.92810236500009, 22.688605310000128], [91.96267409799998, 22.691158162000136], [91.96664433000007, 22.71779086800018], [92.0014151760002, 22.726811256000076], [91.97758984400008, 22.781149824000124], [91.97597893700015, 22.816156102000036], [91.98456250500016, 22.849373980999985], [92.01615151200019, 22.85705848100008], [91.99409996800011, 22.88522703899997], [92.00222751500019, 22.90347320700016], [92.05209695700006, 22.896112072999983], [92.07522247200012, 22.924766712000064], [92.12977060400004, 22.966009343000053], [92.130355119, 22.981522523000024], [92.11959737800015, 23.02200894000009], [92.0883647330001, 23.09517928000008], [92.18008628800015, 23.117853881000087], [92.19941080600017, 23.117673595999975], [92.16460918000013, 23.178295915000092], [92.1584600610002, 23.20778032100003], [92.14445987800008, 23.247095939000133], [92.13301859900014, 23.348798413000054], [92.12340015600017, 23.358700588000033], [92.06668927500004, 23.392542139000113], [92.07160128000015, 23.403124458000036], [92.14428442400015, 23.44723033400004], [92.14502261100017, 23.466455552000184], [92.130235928, 23.55117932900015], [92.1139893460001, 23.599159997000072], [92.09651942500017, 23.636685053000065], [92.07805215200011, 23.647905734]]]}, "properties": {"districtName": "Khagrachhari", "division": "Chattogram", "area": 2977.8}}, {"type": "Feature", "geometry": {"type": "Polygon", "coordinates": [[[90.96256701600004, 23.130850540000097], [90.9406539100001, 23.141636548000122], [90.9027860590001, 23.149957863], [90.8926042760001, 23.164788524000073], [90.8674715960002, 23.16807226700007], [90.84634047900016, 23.16084149599999], [90.84823048600015, 23.14606305600006], [90.81305380100008, 23.11777748800006], [90.79687761400004, 23.116441891000136], [90.78625169100007, 23.07559041900015], [90.77073647000003, 23.075502024000173], [90.73084349400006, 23.040915079000058], [90.70690087100013, 23.059236485000042], [90.68550191300005, 23.0625554880001], [90.66193244400012, 23.04970494300011], [90.66669619800007, 23.036027077000085], [90.66414436000014, 23.008338123999977], [90.65177034000004, 22.983006697000064], [90.67578550100012, 22.94234546299998], [90.70154151999998, 22.91174269000004], [90.6945007610002, 22.901121295000053], [90.6633951610001, 22.895642352000152], [90.67201806800006, 22.86450717200006], [90.7161408140002, 22.86847001600006], [90.71914822000019, 22.815738182000075], [90.72941354000005, 22.802073832000133], [90.76617350600014, 22.77892796600014], [90.77900573700003, 22.674408546000166], [90.78905784300008, 22.65406393000012], [90.81663486400015, 22.63644428000015], [90.84468196800015, 22.60345435300019], [90.89490900599998, 22.55482976200011], [90.93147243300007, 22.493449556000087], [91.01807239900006, 22.53792295100004], [91.02346467600012, 22.544480531000147], [91.01625810900003, 22.57490171799998], [91.0073127080002, 22.574901581000063], [91.00417953600015, 22.6041698140001], [90.98122509500007, 22.637817184000028], [90.99467414000003, 22.6634238420001], [91.01254707400005, 22.67855927200003], [91.004669702, 22.7067302910001], [90.9758968650001, 22.71460439600014], [90.97726599300006, 22.75370776200009], [90.95352336200017, 22.77187443200006], [90.9072969990001, 22.797898952000025], [90.89237068100005, 22.810879892000116], [90.92618552000005, 22.815302153000175], [90.94389151600006, 22.837789854000164], [90.94205750300011, 22.86288919900005], [90.97039984900005, 22.86790137900016], [90.98791581400008, 22.88085703800016], [90.98257113000017, 22.893781992000015], [90.98909495200013, 22.940437801000087], [91.00195530000013, 22.961847784000042], [90.99896779800002, 22.97723546400016], [90.96601462900009, 22.979372699000123], [90.95462613000007, 22.99267560300018], [90.93715188700014, 22.98996737600004], [90.91895274800004, 23.014812098999982], [90.89285723500012, 23.01462722300016], [90.89318292500008, 23.036662797000133], [90.91387132700015, 23.042689055000096], [90.90920836500015, 23.059846247000053], [90.91536238900005, 23.076638397000124], [90.94431497100004, 23.08809958300003], [90.94133369800016, 23.10222838800013], [90.95229406100015, 23.125319580000053], [90.96256701600004, 23.130850540000097]]]}, "properties": {"districtName": "Lakshmipur", "division": "Chattogram", "area": 1503.1}}, {"type": "Feature", "geometry": {"type": "MultiPolygon", "coordinates": [[[[91.259223884, 23.055912232000082], [91.21932617600004, 23.060844870000153], [91.20785710800004, 23.066900812000142], [91.18651056300013, 23.060216265000122], [91.16372815400007, 23.082744529000024], [91.13384428500007, 23.07469298900014], [91.08698282400007, 23.067505296000036], [91.0506421570002, 23.081288263000147], [91.03795980300015, 23.11002258300016], [90.98543845600005, 23.115634234000026], [90.9798447770001, 23.133108351000146], [90.96256701600004, 23.130850540000097], [90.95229406100015, 23.125319580000053], [90.94133369800016, 23.10222838800013], [90.94431497100004, 23.08809958300003], [90.91536238900005, 23.076638397000124], [90.90920836500015, 23.059846247000053], [90.91387132700015, 23.042689055000096], [90.89318292500008, 23.036662797000133], [90.89285723500012, 23.01462722300016], [90.91895274800004, 23.014812098999982], [90.93715188700014, 22.98996737600004], [90.95462613000007, 22.99267560300018], [90.96601462900009, 22.979372699000123], [90.99896779800002, 22.97723546400016], [91.00195530000013, 22.961847784000042], [90.98909495200013, 22.940437801000087], [90.98257113000017, 22.893781992000015], [90.98791581400008, 22.88085703800016], [90.97039984900005, 22.86790137900016], [90.94205750300011, 22.86288919900005], [90.94389151600006, 22.837789854000164], [90.92618552000005, 22.815302153000175], [90.89237068100005, 22.810879892000116], [90.9072969990001, 22.797898952000025], [90.95352336200017, 22.77187443200006], [90.97726599300006, 22.75370776200009], [90.9758968650001, 22.71460439600014], [91.004669702, 22.7067302910001], [91.01254707400005, 22.67855927200003], [90.99467414000003, 22.6634238420001], [90.98122509500007, 22.637817184000028], [91.00417953600015, 22.6041698140001], [91.0073127080002, 22.574901581000063], [91.01625810900003, 22.57490171799998], [91.02346467600012, 22.544480531000147], [91.01807239900006, 22.53792295100004], [90.93147243300007, 22.493449556000087], [90.94596253300011, 22.471012784000152], [91.00087360600014, 22.368000290000168], [91.01244728900008, 22.320927297000082], [91.02367076600012, 22.29430651300015], [91.01507916200012, 22.256860234999976], [91.02130978300005, 22.191879196], [90.99311559200004, 22.12155672000017], [91.02107207400019, 22.118432611], [91.0237424290001, 22.10336414300008], [91.04771000100004, 22.087580919000175], [91.11023817500018, 22.140896666], [91.12552579000004, 22.142456284000104], [91.17552512300017, 22.19107617000003], [91.17933667900002, 22.219692138000028], [91.18925499099998, 22.242536484000084], [91.187073893, 22.26639025600008], [91.20814607100004, 22.26937602000004], [91.20106270800005, 22.323390618000076], [91.18725541300012, 22.374314293999987], [91.22752978900019, 22.361208865000037], [91.2214030090002, 22.452995982000175], [91.19069255600004, 22.458644344000163], [91.18414562500004, 22.507488479000074], [91.24571921300003, 22.50423687300014], [91.26329005600019, 22.51879765600006], [91.23696211500004, 22.53972659300007], [91.26970883300004, 22.543134109999983], [91.26577714299998, 22.520430506000025], [91.29085738500004, 22.483532806000085], [91.32778261800013, 22.50140133600007], [91.35304861700018, 22.525898701000074], [91.34988923000014, 22.56298877900008], [91.32361365100007, 22.558537634000118], [91.29964796900009, 22.605294536000088], [91.27271444600012, 22.636917903000153], [91.28534172900015, 22.651250644000072], [91.31120302500017, 22.661798441000144], [91.33001523300004, 22.677417926000146], [91.3423176010001, 22.702074365000158], [91.34925686900016, 22.72978262400011], [91.38136333400018, 22.716619808000075], [91.453045497, 22.690673050000157], [91.49425289100003, 22.654056384000057], [91.47721520400012, 22.70026468300017], [91.45141462600003, 22.738684677000094], [91.41790679500019, 22.760725060000027], [91.38038799000014, 22.776118991000146], [91.37193848000004, 22.796125187000086], [91.34300529200004, 22.787231192000036], [91.31184850000017, 22.809235354000066], [91.32364061900017, 22.836883689000047], [91.3357449720001, 22.8435023560001], [91.34235839700011, 22.906559009000034], [91.31273735100007, 22.907745107000096], [91.30059387400013, 22.896487020000052], [91.28009626900013, 22.90159952099998], [91.26862776100012, 22.884770020000076], [91.25002329700004, 22.90313504600016], [91.26303570300018, 22.911574167000026], [91.26203672400004, 22.944896611000047], [91.25606735900004, 22.965121417000148], [91.26498354800015, 23.025530475000096], [91.259223884, 23.055912232000082]]], [[[91.08274144000018, 22.053548780000085], [91.068968503, 22.0631514480001], [91.0565946530001, 22.050898980000056], [91.066052803, 22.036736538000127], [91.08274144000018, 22.053548780000085]]], [[[91.03375302800015, 22.083759583000187], [91.00040582600019, 22.09964442800009], [90.97494980700009, 22.071713050000028], [90.98113692200013, 22.03019171700015], [90.99784250700009, 22.02526238100012], [91.02427703900008, 22.043839223000077], [91.03725229500003, 22.042508665000128], [91.04976342300012, 22.071952370000133], [91.03375302800015, 22.083759583000187]]], [[[91.37672919500017, 22.35207128100018], [91.40001499400012, 22.381266225000104], [91.3916070780001, 22.38850818300017], [91.36373846200013, 22.371162431000073], [91.37672919500017, 22.35207128100018]]]]}, "properties": {"districtName": "Noakhali", "division": "Chattogram", "area": 3237.0}}, {"type": "Feature", "geometry": {"type": "Polygon", "coordinates": [[[92.61377443400016, 21.850996162000058], [92.63035521000018, 21.861364841000068], [92.63204864400018, 21.876378071000033], [92.61469211500014, 21.931471690000137], [92.59731198400016, 22.008364654000104], [92.59223110500017, 22.04266067100008], [92.59898194900006, 22.060710742000083], [92.572018389, 22.11842806800007], [92.56143282000016, 22.128290536000065], [92.57881940700014, 22.143266887000095], [92.61006462300008, 22.13593128800005], [92.60657699600011, 22.171863001000077], [92.59560435800012, 22.17376927700002], [92.58787866300008, 22.216331539], [92.59140888000007, 22.23988270100017], [92.5776518780001, 22.268299601000024], [92.58198909100003, 22.302933054000107], [92.57046513400019, 22.35899080500019], [92.56173527600015, 22.372598577000076], [92.55994209400012, 22.40069856499997], [92.54608565400008, 22.46382042700003], [92.54693377400008, 22.514923950000025], [92.53738582000005, 22.544922534000023], [92.52750616800006, 22.556994734], [92.53739485200009, 22.57465043700006], [92.53724435800007, 22.593856844000186], [92.5275432200001, 22.621246357000018], [92.52534412000006, 22.67329597200012], [92.51366137000014, 22.710303654000086], [92.51633657800011, 22.722234440000136], [92.50039036800001, 22.737549698000066], [92.47914691900013, 22.7474187090001], [92.47012849200013, 22.79868735200006], [92.46185470600011, 22.80740757300009], [92.45825355400007, 22.83776723400007], [92.4644745550001, 22.856620272000157], [92.45964602800018, 22.871331252000175], [92.43642518799999, 22.88740402600007], [92.39557532700002, 22.93102553500006], [92.3761727280002, 22.9294191300001], [92.37437119200018, 22.97167038000009], [92.38539838200006, 22.99304102900004], [92.379566754, 23.01196343200013], [92.39071594300015, 23.05872248600008], [92.3790020730001, 23.086669226000083], [92.35775120400012, 23.106944492000082], [92.3671842220001, 23.12638934400013], [92.35674670400016, 23.134081840000135], [92.363827808, 23.15582564500005], [92.35342039000011, 23.184211939000022], [92.35432201800006, 23.221840370999985], [92.3503546440001, 23.23503537700003], [92.39848297999998, 23.236192357000164], [92.39287151700012, 23.265381004], [92.38232715200013, 23.286246537000125], [92.38701673800006, 23.30537259200014], [92.37746929600019, 23.320485679000114], [92.37845817100003, 23.36397731400018], [92.35682532500016, 23.373084283000082], [92.34485258600012, 23.43140992300016], [92.33080018200008, 23.43520672600016], [92.31832955500005, 23.50367220200019], [92.31690042200017, 23.529050269000038], [92.30748935300016, 23.53441047600012], [92.3124976950001, 23.557496860000185], [92.30158472700009, 23.589734607000082], [92.28898022100009, 23.598689222000132], [92.29042880700007, 23.629396249000024], [92.27711101700004, 23.633025225000097], [92.27510121000006, 23.651593408000167], [92.28887226700004, 23.673885543000154], [92.28928209300005, 23.70086565400004], [92.27265123200004, 23.72092909899999], [92.25629936200016, 23.72516792199997], [92.23734931100012, 23.71338428200005], [92.24286269700013, 23.695566816], [92.23272617700002, 23.685261267000044], [92.225555337, 23.65459701900005], [92.21176111400007, 23.65337938200014], [92.20605045000008, 23.672471741000038], [92.21385644700018, 23.68387338499997], [92.20607798600008, 23.701273213000093], [92.16987714300018, 23.722753189000116], [92.17191012500018, 23.73780397300004], [92.14584590700008, 23.734161786000186], [92.0984595020002, 23.675813394000045], [92.08320707700005, 23.680350807000025], [92.07805215200011, 23.647905734], [92.09651942500017, 23.636685053000065], [92.1139893460001, 23.599159997000072], [92.130235928, 23.55117932900015], [92.14502261100017, 23.466455552000184], [92.14428442400015, 23.44723033400004], [92.07160128000015, 23.403124458000036], [92.06668927500004, 23.392542139000113], [92.12340015600017, 23.358700588000033], [92.13301859900014, 23.348798413000054], [92.14445987800008, 23.247095939000133], [92.1584600610002, 23.20778032100003], [92.16460918000013, 23.178295915000092], [92.19941080600017, 23.117673595999975], [92.18008628800015, 23.117853881000087], [92.0883647330001, 23.09517928000008], [92.11959737800015, 23.02200894000009], [92.130355119, 22.981522523000024], [92.12977060400004, 22.966009343000053], [92.07522247200012, 22.924766712000064], [92.05209695700006, 22.896112072999983], [92.00222751500019, 22.90347320700016], [91.99409996800011, 22.88522703899997], [92.01615151200019, 22.85705848100008], [91.98456250500016, 22.849373980999985], [91.97597893700015, 22.816156102000036], [91.97758984400008, 22.781149824000124], [92.0014151760002, 22.726811256000076], [91.96664433000007, 22.71779086800018], [91.96267409799998, 22.691158162000136], [91.92810236500009, 22.688605310000128], [91.94319104599998, 22.66696267400016], [91.93968130700011, 22.625595068000052], [91.95652444300003, 22.58941657800017], [91.97790114500003, 22.511295760000053], [91.97357697400008, 22.49053309200002], [91.9968746360002, 22.49042889000009], [92.0171423760001, 22.50458834799997], [92.02717907900018, 22.529319567000186], [92.01577839600003, 22.55440589700015], [92.01813394600009, 22.57279971800017], [92.00762948100004, 22.591309604000116], [92.0180299340002, 22.611275312000032], [92.03443904300013, 22.616666584000086], [92.0744828010001, 22.618445007000048], [92.08258964300012, 22.59950285700006], [92.10110574700019, 22.58354674600014], [92.13045275600018, 22.49819224500004], [92.13201538400017, 22.479441982000026], [92.14278881600018, 22.455368554000188], [92.1379669690001, 22.43776163200016], [92.10165931400007, 22.40672687300014], [92.12389066200012, 22.374087285000144], [92.13510669900006, 22.37781788000018], [92.1487386880001, 22.34938592900005], [92.19026772900008, 22.349985213000082], [92.20087807100015, 22.345014396000067], [92.213006555, 22.31312282000016], [92.22141909800018, 22.31091294900017], [92.26887395600016, 22.338036154], [92.30869923500006, 22.345631001000015], [92.33379695800005, 22.334623948000115], [92.3882881720001, 22.332845544000065], [92.41781873200006, 22.282455214000038], [92.42944018000009, 22.2694477120001], [92.45645644700016, 22.255862099000183], [92.4734928260001, 22.232780116000015], [92.47768207500008, 22.207951818000083], [92.48739760900014, 22.202894471000093], [92.4919885060001, 22.16736817200001], [92.50413251700013, 22.152466041000082], [92.51175439700017, 22.111527934000094], [92.50465933500004, 22.08002459100004], [92.51955927200015, 22.067467592000128], [92.52049462600007, 22.05416142900009], [92.54114870500007, 22.0370959170001], [92.5343307390001, 22.009174848000157], [92.56695038400017, 21.948831593000023], [92.57686549100015, 21.939068243000122], [92.58540454500019, 21.913098263], [92.5986335020001, 21.89235569100009], [92.6059633380001, 21.86050440600019], [92.61377443400016, 21.850996162000058]]]}, "properties": {"districtName": "Rangamati", "division": "Chattogram", "area": 5643.3}}, {"type": "Feature", "geometry": {"type": "Polygon", "coordinates": [[[90.14843635800014, 24.035549212999967], [90.12906341800004, 24.034983465000096], [90.1026249910002, 24.020883803000174], [90.09003898200018, 24.037296532000028], [90.01740393800014, 24.027865245000157], [90.00839655100009, 24.01121050600011], [90.05530749900004, 24.000723316000176], [90.03799336200018, 23.982966573000112], [90.03899489700018, 23.96988301300007], [90.05688193700007, 23.960416065000175], [90.06728194000004, 23.94373138400016], [90.0640193930002, 23.917317624000134], [90.0873936500002, 23.91185733000009], [90.10884004200005, 23.895456629000137], [90.11408811200016, 23.881795828], [90.14660790900012, 23.84655378600013], [90.15578799000019, 23.829443573000106], [90.17571204400008, 23.828082918000064], [90.21317256100014, 23.838161041000035], [90.24080734800003, 23.83119020700002], [90.24843686900005, 23.82162630199997], [90.23864246500005, 23.783280885000124], [90.21801180300014, 23.745898697000086], [90.25278984300013, 23.72186208], [90.22678673400009, 23.70729671500004], [90.210739021, 23.721401196000045], [90.16159224100005, 23.723702680000088], [90.15746745400008, 23.74265728200004], [90.13797317900014, 23.74534955200005], [90.11653595799999, 23.721690529000114], [90.10534141300008, 23.72685391400006], [90.05099801100016, 23.723812551000037], [90.03768517200007, 23.682173660000103], [90.01804061100012, 23.66815623600013], [90.00598912900006, 23.6443966760001], [90.00762712100004, 23.627500914000166], [90.0391520410002, 23.628973975000065], [90.04503344400018, 23.61323924700008], [90.04016593100005, 23.576655055000174], [90.0740950030002, 23.56605212600016], [90.10667226400011, 23.574780275000137], [90.12745549700014, 23.56746681600015], [90.15226333500016, 23.533731858000067], [90.16511068000011, 23.526698009000143], [90.18106492400017, 23.534431608999967], [90.1771300530001, 23.55572523000012], [90.20680110700016, 23.566681475999985], [90.20846872300012, 23.58970822000009], [90.22203902200016, 23.59599892700004], [90.22575837800008, 23.612401315000056], [90.24549809700005, 23.628865057000155], [90.24895910800018, 23.654655928000068], [90.2709197600002, 23.65483401800003], [90.28505025500004, 23.67286981], [90.33404300500007, 23.64312246800006], [90.35352976400014, 23.6405072390001], [90.36747146200008, 23.653517871000133], [90.39039276000017, 23.652350843000193], [90.43048555000013, 23.61379993500009], [90.44593862900018, 23.628276127000106], [90.47258085800019, 23.6407830280001], [90.44910226000019, 23.669187140000133], [90.51018174900008, 23.712658036000164], [90.50083756600014, 23.718525561999968], [90.48610248200004, 23.748941682000066], [90.4813607160001, 23.79282885700019], [90.48821701400004, 23.824498212000094], [90.47330911300014, 23.848574174000134], [90.47129411400016, 23.869997845000057], [90.4588150580002, 23.896144607], [90.43775430100015, 23.90069359000006], [90.41210962200006, 23.883000246], [90.39435359800018, 23.880789429000174], [90.38063204100018, 23.899668849000136], [90.35983247500013, 23.893168054], [90.3439068780001, 23.904513355], [90.34676845500013, 23.948290824000082], [90.2623934560001, 23.968302057000187], [90.25224569100004, 24.001928059000136], [90.23889067000005, 24.009093942000163], [90.17187819400016, 24.001280506000114], [90.14843635800014, 24.035549212999967]]]}, "properties": {"districtName": "Dhaka", "division": "Dhaka", "area": 1469.8}}, {"type": "Feature", "geometry": {"type": "Polygon", "coordinates": [[[89.8497464960002, 23.713369528000044], [89.84232250399998, 23.709177785000065], [89.81411044000004, 23.721031100000175], [89.79393888800013, 23.709608685000035], [89.79114530600009, 23.683164251000107], [89.76526999100008, 23.68198457200009], [89.757394283, 23.66741638000019], [89.7288317660001, 23.668748761000188], [89.73430493200016, 23.643832713999984], [89.73048244400007, 23.619185044000062], [89.74640149500016, 23.609745625000016], [89.75608673300019, 23.592587728000126], [89.73458623400018, 23.58099287300007], [89.70865482400006, 23.59126852600008], [89.68461635800008, 23.585652936000088], [89.66630065700014, 23.61035963300003], [89.64994450500006, 23.60666313900009], [89.6460886650001, 23.592604129000165], [89.62872782100015, 23.58950379900017], [89.60564586400005, 23.59766208300016], [89.58862921600019, 23.59547947600015], [89.57159366000019, 23.606277036], [89.54774491000012, 23.59321154100013], [89.52856218900018, 23.57169989900018], [89.51677081200006, 23.588423602000034], [89.497837919, 23.580829067000025], [89.50930656600008, 23.546342317000153], [89.53753744300013, 23.538638166000112], [89.49795776100018, 23.522035534999986], [89.48864318100004, 23.503687072], [89.49355404000005, 23.47895142200008], [89.51103814000004, 23.47648486700018], [89.51451446200008, 23.508033592000118], [89.53056625400018, 23.51276137700006], [89.57590221700008, 23.496052230000146], [89.60505693400017, 23.474167998999974], [89.60295703400016, 23.417068685000118], [89.61282528400005, 23.38338061500008], [89.60555951400016, 23.372423660000038], [89.60477741200009, 23.334598794000158], [89.62052835600002, 23.30801034400008], [89.634448572, 23.289250763000155], [89.65400216700004, 23.28799209600004], [89.63143787500002, 23.258517952999966], [89.63768725700004, 23.236200571000154], [89.66868481000017, 23.244340018000116], [89.68863313700018, 23.221942631000104], [89.68852430800013, 23.21105074500008], [89.7158256080001, 23.230663655000114], [89.73023942300011, 23.247002840000164], [89.76880469000008, 23.303331391000086], [89.79382014600003, 23.311107047000064], [89.82362784800006, 23.34530806400005], [89.84127073600018, 23.330853761000185], [89.86414962700007, 23.336971452], [89.86934557400019, 23.321942614000136], [89.89481628800019, 23.341010419000156], [89.91561230200006, 23.33381952200017], [89.90457151800013, 23.313113911000187], [89.92544489800008, 23.30937837900018], [89.93166025400006, 23.321555926000144], [89.951863049, 23.319621320000124], [89.96529759100014, 23.33732291200016], [89.94855950600015, 23.342641037000078], [89.94955336200013, 23.3571998110001], [89.97434841900008, 23.34985068399999], [89.99154093300007, 23.326036893000094], [90.0208155300001, 23.320631703000117], [90.00531273000013, 23.30414535], [90.02333335900016, 23.287984216999973], [90.03884156999999, 23.341889851000076], [90.06849450400017, 23.305801600999985], [90.09390606700015, 23.31409888100012], [90.09984962700003, 23.343953988000067], [90.08771817900009, 23.350268581000023], [90.09729323, 23.388616901000034], [90.0928370580001, 23.418699425000057], [90.11111892200017, 23.43783055200015], [90.11211011000012, 23.462874082000155], [90.16165890700006, 23.47532712000003], [90.16664524100014, 23.494679296000072], [90.18088325800005, 23.499270403000025], [90.16511068000011, 23.526698009000143], [90.15226333500016, 23.533731858000067], [90.12745549700014, 23.56746681600015], [90.10667226400011, 23.574780275000137], [90.0740950030002, 23.56605212600016], [90.04016593100005, 23.576655055000174], [90.04503344400018, 23.61323924700008], [90.0391520410002, 23.628973975000065], [90.00762712100004, 23.627500914000166], [89.92501210400013, 23.645760664000022], [89.8916746380001, 23.68602892299998], [89.8497464960002, 23.713369528000044]]]}, "properties": {"districtName": "Faridpur", "division": "Dhaka", "area": 2037.6}}, {"type": "Feature", "geometry": {"type": "Polygon", "coordinates": [[[90.65129715300003, 24.260889026000143], [90.63230764200011, 24.26987883800018], [90.61188717900012, 24.268408947000182], [90.58404790500009, 24.250055436000082], [90.57095297400008, 24.249953861000165], [90.52067579600003, 24.2898587520001], [90.52943281400019, 24.30251800500008], [90.49600855900019, 24.31501929700005], [90.45628776100011, 24.34084810000013], [90.43780761000005, 24.340123565000113], [90.42220442500019, 24.308218001000057], [90.40473551900004, 24.28415972000016], [90.38743169800011, 24.289007479000077], [90.36641895600008, 24.280991918000097], [90.32373991800017, 24.299184118000028], [90.29353691500006, 24.27830122], [90.30464040200013, 24.266101499], [90.29335113900015, 24.242997493000132], [90.29335709399999, 24.22545069500012], [90.27017503800005, 24.21400042400012], [90.25212762700005, 24.18790858600005], [90.22710164200004, 24.16335595300012], [90.22066177900018, 24.12541941000012], [90.231118648, 24.10498010000009], [90.1807458290001, 24.09213878600019], [90.17819442200016, 24.07628130900008], [90.159139272, 24.0664640170001], [90.14843635800014, 24.035549212999967], [90.17187819400016, 24.001280506000114], [90.23889067000005, 24.009093942000163], [90.25224569100004, 24.001928059000136], [90.2623934560001, 23.968302057000187], [90.34676845500013, 23.948290824000082], [90.3439068780001, 23.904513355], [90.35983247500013, 23.893168054], [90.38063204100018, 23.899668849000136], [90.39435359800018, 23.880789429000174], [90.41210962200006, 23.883000246], [90.43775430100015, 23.90069359000006], [90.4588150580002, 23.896144607], [90.47129411400016, 23.869997845000057], [90.47330911300014, 23.848574174000134], [90.50431290600011, 23.859090707000178], [90.50636804000015, 23.874750324000047], [90.52335556700012, 23.891178648999983], [90.55478117100006, 23.88603896400008], [90.57071878400006, 23.895628744000078], [90.5724464490001, 23.91750708799998], [90.61282703600017, 23.928783708000083], [90.61740758700017, 23.96590945600019], [90.63163298299997, 23.97910495100018], [90.63925153400004, 24.003266410000094], [90.65971133400018, 24.017292037000175], [90.63693815200008, 24.071602124000094], [90.64073482800018, 24.09750982000014], [90.66060957000008, 24.09327512200008], [90.69269670000006, 24.097346410000114], [90.70457253800015, 24.108346944000118], [90.67812567900012, 24.117568322000125], [90.69610326000014, 24.140875020000124], [90.68635747700017, 24.149799552000104], [90.68627899700004, 24.192316410000103], [90.67491647900016, 24.20232452600004], [90.67352640400014, 24.224482981000165], [90.682452689, 24.24397177400016], [90.65129715300003, 24.260889026000143]]]}, "properties": {"districtName": "Gazipur", "division": "Dhaka", "area": 1814.8}}, {"type": "Feature", "geometry": {"type": "Polygon", "coordinates": [[[90.02333335900016, 23.287984216999973], [90.00531273000013, 23.30414535], [90.0208155300001, 23.320631703000117], [89.99154093300007, 23.326036893000094], [89.97434841900008, 23.34985068399999], [89.94955336200013, 23.3571998110001], [89.94855950600015, 23.342641037000078], [89.96529759100014, 23.33732291200016], [89.951863049, 23.319621320000124], [89.93166025400006, 23.321555926000144], [89.92544489800008, 23.30937837900018], [89.90457151800013, 23.313113911000187], [89.91561230200006, 23.33381952200017], [89.89481628800019, 23.341010419000156], [89.86934557400019, 23.321942614000136], [89.86414962700007, 23.336971452], [89.84127073600018, 23.330853761000185], [89.82362784800006, 23.34530806400005], [89.79382014600003, 23.311107047000064], [89.76880469000008, 23.303331391000086], [89.73023942300011, 23.247002840000164], [89.7158256080001, 23.230663655000114], [89.68852430800013, 23.21105074500008], [89.67865192300019, 23.182093273000078], [89.69458350400004, 23.160915122000063], [89.71396247500019, 23.175634928000136], [89.75306240800018, 23.185761801000183], [89.7300793980001, 23.156628195], [89.74207512100008, 23.137703378000083], [89.72297675700014, 23.12137052300011], [89.68125009400012, 23.12982359100016], [89.67009425400005, 23.123068657999966], [89.68258449100011, 23.102193670000133], [89.70072304800016, 23.088765039000066], [89.73160142000012, 23.07958419900018], [89.72754250399998, 23.05642265], [89.7461673250001, 23.048703054999976], [89.76256985100014, 23.00771034400009], [89.7970666670002, 22.99669675600012], [89.80341294900018, 22.972470123000107], [89.8013846500001, 22.943906185000174], [89.82595788700019, 22.933970177000162], [89.85058357500009, 22.897264281000105], [89.83646975200014, 22.888432347000162], [89.86969006900017, 22.87524638600013], [89.88988010800011, 22.882553591000146], [89.91524190900009, 22.881774174000043], [89.92004541100016, 22.865981445000102], [89.94232238600011, 22.84596310300003], [89.99273408200014, 22.86409914400008], [90.01827904200007, 22.868624095000087], [90.02212512900002, 22.898838666000074], [90.03591233000009, 22.934116641], [90.05671709100011, 22.931632207000177], [90.05908908100008, 22.971250934000068], [90.0690430140001, 22.967613194000137], [90.08743659700008, 22.988699519000022], [90.09415512300018, 23.006570590000138], [90.12637909200015, 23.005129905000047], [90.13551659100011, 23.04977003100015], [90.11616473000004, 23.043258698999978], [90.10876780800015, 23.0767303290001], [90.10927983700014, 23.11755382700011], [90.08095486100007, 23.112650007000127], [90.06231672500019, 23.119749617000082], [90.01501734400017, 23.128318009999987], [89.99124567500019, 23.12898242900019], [89.98564029100004, 23.11129705700006], [89.9354392050002, 23.118350032000023], [89.94764029700019, 23.162503248000178], [89.96008586100004, 23.160354720000043], [89.97646605800009, 23.183580244000098], [89.98469169300006, 23.21680543700012], [90.01768314600014, 23.23048369700018], [90.02931029100017, 23.261811412999975], [90.02333335900016, 23.287984216999973]]]}, "properties": {"districtName": "Gopalganj", "division": "Dhaka", "area": 1485.9}}, {"type": "Feature", "geometry": {"type": "Polygon", "coordinates": [[[91.19461677700008, 24.632192949000114], [91.17481309400011, 24.64446980500003], [91.12952280700011, 24.63235503600015], [91.12953670899998, 24.612603201000184], [91.09731087200004, 24.603061668000066], [91.07339006200004, 24.622069572000157], [91.04589164200013, 24.612824089000185], [91.03043923300015, 24.630969307000157], [91.01038688300008, 24.607458670000085], [90.97762170500016, 24.60147776800011], [90.96150257300019, 24.612461374000077], [90.9363350480001, 24.602882115], [90.91477776400012, 24.613740942000106], [90.908421986, 24.596058563000156], [90.88181276900008, 24.594343819000187], [90.85274462700016, 24.59862165000004], [90.83923019700018, 24.583092122000153], [90.82062797700007, 24.58595074900012], [90.8193766620002, 24.572198575000016], [90.80107972400009, 24.53666046400008], [90.79311299400013, 24.507742100000144], [90.75915621500013, 24.51042736000005], [90.74163021100003, 24.496927067000115], [90.7292938830002, 24.476481751999984], [90.70269025599998, 24.514945479000062], [90.68279839900003, 24.501358943000184], [90.67897267800015, 24.466901488000133], [90.63669799500002, 24.47691161000006], [90.616550126, 24.495956521000096], [90.58365178000008, 24.494430653000165], [90.57592460000006, 24.46660903800006], [90.58760711800016, 24.446313341000064], [90.63475480000011, 24.434000405000063], [90.64790300500005, 24.41584573900019], [90.64275943700011, 24.384941773000094], [90.62448555000003, 24.337031549000073], [90.6417536400001, 24.309155938000174], [90.64409314500011, 24.278921918000037], [90.65129715300003, 24.260889026000143], [90.682452689, 24.24397177400016], [90.70990594000017, 24.235911966000117], [90.73347179100006, 24.239672882000093], [90.75449048100006, 24.250728129000095], [90.77869239600017, 24.246006920000127], [90.79179317600017, 24.223372013000073], [90.78626729900009, 24.19692714700011], [90.82051209100007, 24.173226558000124], [90.82620169500012, 24.15385485300004], [90.83915060600009, 24.145953914000074], [90.87189245200005, 24.14130840300004], [90.86879461700016, 24.127840340999967], [90.8479414320002, 24.11776778500007], [90.85665830000005, 24.10342005900003], [90.89122200100019, 24.095468922000066], [90.911380184, 24.078553888999977], [90.94368911700013, 24.0867621000001], [90.96506895300018, 24.061105631000146], [90.96816536400013, 24.036730723000062], [90.98668248600018, 24.035309430000154], [91.01203778100012, 24.05804290100002], [91.03646678600012, 24.072015522000186], [91.05007444600017, 24.09012279000018], [91.04089310700016, 24.11894332600008], [90.99733621900015, 24.142839270000138], [90.98424239000008, 24.158647611000106], [91.01068537200018, 24.179914672000166], [91.03908442200003, 24.213734752000164], [91.07525068200016, 24.21495619700005], [91.08724967600011, 24.24109232000012], [91.13955097799999, 24.244294880999973], [91.17527979, 24.26551884900016], [91.19339513000017, 24.277701964000187], [91.19755993800015, 24.293396056], [91.16345397800012, 24.284914835000052], [91.15884226000014, 24.29065297200009], [91.1729462190001, 24.319704770000044], [91.18603278400013, 24.32280444100013], [91.2346909310001, 24.316198932000077], [91.2351674470001, 24.336958444000174], [91.21550153000015, 24.35957472800004], [91.2443411270001, 24.380980983000086], [91.23924501700014, 24.407766340000023], [91.21600818000013, 24.403150561000132], [91.21833035200007, 24.43301793200004], [91.23897762000013, 24.44201380500016], [91.23354112600009, 24.472332532000053], [91.2233801480001, 24.484366821000037], [91.2035914020002, 24.476922212000034], [91.17089469400008, 24.483954271000187], [91.21514241699998, 24.525632222000127], [91.23393475700004, 24.570234943000116], [91.20666625600006, 24.57839603000008], [91.20094792100008, 24.610046059000183], [91.17997689600014, 24.617165305000185], [91.19461677700008, 24.632192949000114]]]}, "properties": {"districtName": "Kishoreganj", "division": "Dhaka", "area": 2563.1}}, {"type": "Feature", "geometry": {"type": "Polygon", "coordinates": [[[90.28729050200008, 23.441741632000117], [90.2683253140001, 23.456301753], [90.21959256000008, 23.475533496000082], [90.18088325800005, 23.499270403000025], [90.16664524100014, 23.494679296000072], [90.16165890700006, 23.47532712000003], [90.11211011000012, 23.462874082000155], [90.11111892200017, 23.43783055200015], [90.0928370580001, 23.418699425000057], [90.09729323, 23.388616901000034], [90.08771817900009, 23.350268581000023], [90.09984962700003, 23.343953988000067], [90.09390606700015, 23.31409888100012], [90.06849450400017, 23.305801600999985], [90.03884156999999, 23.341889851000076], [90.02333335900016, 23.287984216999973], [90.02931029100017, 23.261811412999975], [90.01768314600014, 23.23048369700018], [89.98469169300006, 23.21680543700012], [89.97646605800009, 23.183580244000098], [89.96008586100004, 23.160354720000043], [89.94764029700019, 23.162503248000178], [89.9354392050002, 23.118350032000023], [89.98564029100004, 23.11129705700006], [89.99124567500019, 23.12898242900019], [90.01501734400017, 23.128318009999987], [90.06231672500019, 23.119749617000082], [90.08095486100007, 23.112650007000127], [90.10927983700014, 23.11755382700011], [90.10876780800015, 23.0767303290001], [90.11616473000004, 23.043258698999978], [90.13551659100011, 23.04977003100015], [90.15317471000014, 23.054852170000117], [90.16288862900018, 23.07071502700012], [90.19954010800006, 23.059911800000066], [90.21436603799998, 23.074419343000045], [90.23784297200007, 23.045865499000058], [90.23241232800012, 23.03184261700011], [90.22923516300006, 22.985498269000175], [90.24412517700017, 22.97618768700005], [90.2922260150001, 22.97607105800006], [90.31625436900015, 22.981456099000013], [90.32798851800015, 22.993324915000073], [90.3284655970001, 23.014282426000136], [90.31160275400009, 23.034607344000165], [90.31216883300016, 23.053280443000176], [90.34952478800005, 23.05619406200009], [90.3418880500002, 23.07358623500005], [90.3520493600002, 23.09554854700019], [90.34689031400018, 23.13104492700012], [90.29192438700005, 23.15026573000017], [90.283756406, 23.200272763000044], [90.25453325600006, 23.21392412000006], [90.24171966199998, 23.23517220300016], [90.23323263000015, 23.267640980000124], [90.24480837500005, 23.294648040000084], [90.252837683, 23.345073425000066], [90.24408145300009, 23.37182493800009], [90.26340062000014, 23.387766112000122], [90.23091802500005, 23.398582466000107], [90.23062933300014, 23.410948976000157], [90.26260891900006, 23.426699303000134], [90.27929663300006, 23.425640601999987], [90.28729050200008, 23.441741632000117]]]}, "properties": {"districtName": "Madaripur", "division": "Dhaka", "area": 1153.9}}, {"type": "Feature", "geometry": {"type": "Polygon", "coordinates": [[[90.00839655100009, 24.01121050600011], [89.99185347000008, 24.00145565600019], [89.97878441800003, 24.033433148000142], [89.9673970230001, 24.01344049800008], [89.94811316600016, 24.016287123000154], [89.90635504800008, 23.988005299000122], [89.87073357899999, 23.973238708000167], [89.84625632300015, 23.96937515400009], [89.82045697100017, 23.98459364100006], [89.76505546600004, 23.979099441000074], [89.78537862900015, 24.01024306500011], [89.78648474900018, 24.034895028000108], [89.76540249400011, 24.02400209000018], [89.73788037800006, 24.021073947000104], [89.72203321200016, 24.011584794000044], [89.70727263000009, 23.999828628000046], [89.69691248300006, 23.98054673100006], [89.69740817600012, 23.943302774000017], [89.68714540299999, 23.94028203300013], [89.70623317400009, 23.89245075399998], [89.70370507800016, 23.87657608000012], [89.73532872200013, 23.835916764000046], [89.77101781400006, 23.833010198000068], [89.78090481800007, 23.799315429000046], [89.83417260900006, 23.751891104000038], [89.8497464960002, 23.713369528000044], [89.8916746380001, 23.68602892299998], [89.92501210400013, 23.645760664000022], [90.00762712100004, 23.627500914000166], [90.00598912900006, 23.6443966760001], [90.01804061100012, 23.66815623600013], [90.03768517200007, 23.682173660000103], [90.05099801100016, 23.723812551000037], [90.10534141300008, 23.72685391400006], [90.11653595799999, 23.721690529000114], [90.13797317900014, 23.74534955200005], [90.15746745400008, 23.74265728200004], [90.16159224100005, 23.723702680000088], [90.210739021, 23.721401196000045], [90.22678673400009, 23.70729671500004], [90.25278984300013, 23.72186208], [90.21801180300014, 23.745898697000086], [90.23864246500005, 23.783280885000124], [90.24843686900005, 23.82162630199997], [90.24080734800003, 23.83119020700002], [90.21317256100014, 23.838161041000035], [90.17571204400008, 23.828082918000064], [90.15578799000019, 23.829443573000106], [90.14660790900012, 23.84655378600013], [90.11408811200016, 23.881795828], [90.10884004200005, 23.895456629000137], [90.0873936500002, 23.91185733000009], [90.0640193930002, 23.917317624000134], [90.06728194000004, 23.94373138400016], [90.05688193700007, 23.960416065000175], [90.03899489700018, 23.96988301300007], [90.03799336200018, 23.982966573000112], [90.05530749900004, 24.000723316000176], [90.00839655100009, 24.01121050600011]]]}, "properties": {"districtName": "Manikganj", "division": "Dhaka", "area": 1393.5}}, {"type": "Feature", "geometry": {"type": "Polygon", "coordinates": [[[90.43048555000013, 23.61379993500009], [90.39039276000017, 23.652350843000193], [90.36747146200008, 23.653517871000133], [90.35352976400014, 23.6405072390001], [90.33404300500007, 23.64312246800006], [90.28505025500004, 23.67286981], [90.2709197600002, 23.65483401800003], [90.24895910800018, 23.654655928000068], [90.24549809700005, 23.628865057000155], [90.22575837800008, 23.612401315000056], [90.22203902200016, 23.59599892700004], [90.20846872300012, 23.58970822000009], [90.20680110700016, 23.566681475999985], [90.1771300530001, 23.55572523000012], [90.18106492400017, 23.534431608999967], [90.16511068000011, 23.526698009000143], [90.18088325800005, 23.499270403000025], [90.21959256000008, 23.475533496000082], [90.2683253140001, 23.456301753], [90.28729050200008, 23.441741632000117], [90.30864098800004, 23.442626009000037], [90.32389491100014, 23.43330933900006], [90.36559385800018, 23.428770862000192], [90.38774507300002, 23.410353702000123], [90.42224555500019, 23.406879082000046], [90.43165427600019, 23.414458992000107], [90.4874633610001, 23.39958657500017], [90.50223783100006, 23.40224236000006], [90.53875488500012, 23.379713095], [90.54637473700012, 23.407485728000097], [90.57437841600017, 23.443220073000134], [90.5841995240001, 23.48371512100016], [90.60424280299998, 23.49526359200007], [90.62390827200005, 23.491489536000074], [90.64145090400012, 23.504355091000093], [90.66505684100008, 23.49535235800016], [90.68629742700017, 23.495418316000098], [90.70535551000006, 23.507605984000065], [90.68478500100008, 23.55813917500012], [90.6673393210001, 23.57133455100012], [90.6477426030001, 23.573027476000163], [90.647629731, 23.58909429900018], [90.66345001700017, 23.59479921200017], [90.6504807890002, 23.618471406000026], [90.62519797900012, 23.61919549000004], [90.60949539200004, 23.606854682], [90.56445547900012, 23.59313689100003], [90.5640718360001, 23.582486747000075], [90.58080592800019, 23.560637184000086], [90.57802261600011, 23.541324785000143], [90.56512067300008, 23.536912372000188], [90.55186027700017, 23.55485935200005], [90.51502780300012, 23.58107745600006], [90.48044267800003, 23.571825883000145], [90.47222960200008, 23.554355576000148], [90.44559875000004, 23.550934952999967], [90.43156944200007, 23.57282058600009], [90.44240731200011, 23.595393208000075], [90.43048555000013, 23.61379993500009]]]}, "properties": {"districtName": "Munshiganj", "division": "Dhaka", "area": 933.6}}, {"type": "Feature", "geometry": {"type": "Polygon", "coordinates": [[[90.7337139830002, 23.761840749000044], [90.73473765900013, 23.79100645200009], [90.70947276200002, 23.814741207000054], [90.68661474500016, 23.82455089800004], [90.69010818600009, 23.79987873900012], [90.65352309000014, 23.79850031], [90.63645644400003, 23.825300370000036], [90.65723542500007, 23.845044991000123], [90.64699009900005, 23.874128691000067], [90.63522184200019, 23.87377803400011], [90.60976528000015, 23.833198073000062], [90.59545618800013, 23.855222442000127], [90.60749569000012, 23.865149137000117], [90.61311204600014, 23.88427941400016], [90.60066001300004, 23.89238739299998], [90.57071878400006, 23.895628744000078], [90.55478117100006, 23.88603896400008], [90.52335556700012, 23.891178648999983], [90.50636804000015, 23.874750324000047], [90.50431290600011, 23.859090707000178], [90.47330911300014, 23.848574174000134], [90.48821701400004, 23.824498212000094], [90.4813607160001, 23.79282885700019], [90.48610248200004, 23.748941682000066], [90.50083756600014, 23.718525561999968], [90.51018174900008, 23.712658036000164], [90.44910226000019, 23.669187140000133], [90.47258085800019, 23.6407830280001], [90.44593862900018, 23.628276127000106], [90.43048555000013, 23.61379993500009], [90.44240731200011, 23.595393208000075], [90.43156944200007, 23.57282058600009], [90.44559875000004, 23.550934952999967], [90.47222960200008, 23.554355576000148], [90.48044267800003, 23.571825883000145], [90.51502780300012, 23.58107745600006], [90.55186027700017, 23.55485935200005], [90.56512067300008, 23.536912372000188], [90.57802261600011, 23.541324785000143], [90.58080592800019, 23.560637184000086], [90.5640718360001, 23.582486747000075], [90.56445547900012, 23.59313689100003], [90.60949539200004, 23.606854682], [90.62519797900012, 23.61919549000004], [90.63190473100008, 23.628001768000047], [90.64992894000011, 23.677636561000156], [90.67968921100015, 23.6828795240001], [90.70400681300015, 23.6673801230001], [90.73302106500006, 23.669925578000118], [90.74146338800017, 23.69294376600004], [90.72354592500017, 23.72502174300007], [90.72335684200004, 23.747639025000012], [90.7337139830002, 23.761840749000044]]]}, "properties": {"districtName": "Narayanganj", "division": "Dhaka", "area": 706.4}}, {"type": "Feature", "geometry": {"type": "Polygon", "coordinates": [[[90.98668248600018, 24.035309430000154], [90.96816536400013, 24.036730723000062], [90.96506895300018, 24.061105631000146], [90.94368911700013, 24.0867621000001], [90.911380184, 24.078553888999977], [90.89122200100019, 24.095468922000066], [90.85665830000005, 24.10342005900003], [90.8479414320002, 24.11776778500007], [90.86879461700016, 24.127840340999967], [90.87189245200005, 24.14130840300004], [90.83915060600009, 24.145953914000074], [90.82620169500012, 24.15385485300004], [90.82051209100007, 24.173226558000124], [90.78626729900009, 24.19692714700011], [90.79179317600017, 24.223372013000073], [90.77869239600017, 24.246006920000127], [90.75449048100006, 24.250728129000095], [90.73347179100006, 24.239672882000093], [90.70990594000017, 24.235911966000117], [90.682452689, 24.24397177400016], [90.67352640400014, 24.224482981000165], [90.67491647900016, 24.20232452600004], [90.68627899700004, 24.192316410000103], [90.68635747700017, 24.149799552000104], [90.69610326000014, 24.140875020000124], [90.67812567900012, 24.117568322000125], [90.70457253800015, 24.108346944000118], [90.69269670000006, 24.097346410000114], [90.66060957000008, 24.09327512200008], [90.64073482800018, 24.09750982000014], [90.63693815200008, 24.071602124000094], [90.65971133400018, 24.017292037000175], [90.63925153400004, 24.003266410000094], [90.63163298299997, 23.97910495100018], [90.61740758700017, 23.96590945600019], [90.61282703600017, 23.928783708000083], [90.5724464490001, 23.91750708799998], [90.57071878400006, 23.895628744000078], [90.60066001300004, 23.89238739299998], [90.61311204600014, 23.88427941400016], [90.60749569000012, 23.865149137000117], [90.59545618800013, 23.855222442000127], [90.60976528000015, 23.833198073000062], [90.63522184200019, 23.87377803400011], [90.64699009900005, 23.874128691000067], [90.65723542500007, 23.845044991000123], [90.63645644400003, 23.825300370000036], [90.65352309000014, 23.79850031], [90.69010818600009, 23.79987873900012], [90.68661474500016, 23.82455089800004], [90.70947276200002, 23.814741207000054], [90.73473765900013, 23.79100645200009], [90.7337139830002, 23.761840749000044], [90.76278967400009, 23.797660163000046], [90.76648311200017, 23.825182570000095], [90.7593427590001, 23.85232952700011], [90.7659916990001, 23.863633908999986], [90.83924353600014, 23.866928042000154], [90.85796453300003, 23.878536782000026], [90.88997821100014, 23.86589576800003], [90.91737777800012, 23.879334370000095], [90.93253001200009, 23.915247779000026], [90.94868100500014, 23.92637291200009], [90.95434432600001, 23.959059006000075], [90.97009542800015, 23.96870522200004], [90.97389515200013, 23.98232992300018], [90.97046866200014, 24.01301103800006], [90.98668248600018, 24.035309430000154]]]}, "properties": {"districtName": "Narsingdi", "division": "Dhaka", "area": 1163.3}}, {"type": "Feature", "geometry": {"type": "Polygon", "coordinates": [[[89.73532872200013, 23.835916764000046], [89.70415803000014, 23.814019179000013], [89.6652242770001, 23.80925640600003], [89.64916602600005, 23.81692377200011], [89.63364320700009, 23.809218905000023], [89.52729455600019, 23.81543609700003], [89.46554964600006, 23.84509303500016], [89.43566849200016, 23.86868010600017], [89.40752486800017, 23.88482765200007], [89.39043572500009, 23.905212564000067], [89.36756918900011, 23.908713833000093], [89.35848383200005, 23.886730688000114], [89.35089336000016, 23.842620462000127], [89.33570819100004, 23.83106244000004], [89.32946010500018, 23.804151394000087], [89.32982467300013, 23.77846564200007], [89.31432754100007, 23.748600620000104], [89.29651970600003, 23.738025597000046], [89.310506428, 23.730740614000126], [89.32205753300019, 23.703778663000094], [89.3659287980002, 23.668631923000135], [89.40157128700008, 23.683156084000075], [89.4422630110002, 23.657053087000065], [89.44211809500013, 23.639559052000095], [89.47298149400012, 23.634915926000133], [89.48725891200019, 23.617168272000185], [89.47402432300004, 23.60170479800007], [89.497837919, 23.580829067000025], [89.51677081200006, 23.588423602000034], [89.52856218900018, 23.57169989900018], [89.54774491000012, 23.59321154100013], [89.57159366000019, 23.606277036], [89.58862921600019, 23.59547947600015], [89.60564586400005, 23.59766208300016], [89.62872782100015, 23.58950379900017], [89.6460886650001, 23.592604129000165], [89.64994450500006, 23.60666313900009], [89.66630065700014, 23.61035963300003], [89.68461635800008, 23.585652936000088], [89.70865482400006, 23.59126852600008], [89.73458623400018, 23.58099287300007], [89.75608673300019, 23.592587728000126], [89.74640149500016, 23.609745625000016], [89.73048244400007, 23.619185044000062], [89.73430493200016, 23.643832713999984], [89.7288317660001, 23.668748761000188], [89.757394283, 23.66741638000019], [89.76526999100008, 23.68198457200009], [89.79114530600009, 23.683164251000107], [89.79393888800013, 23.709608685000035], [89.81411044000004, 23.721031100000175], [89.84232250399998, 23.709177785000065], [89.8497464960002, 23.713369528000044], [89.83417260900006, 23.751891104000038], [89.78090481800007, 23.799315429000046], [89.77101781400006, 23.833010198000068], [89.73532872200013, 23.835916764000046]]]}, "properties": {"districtName": "Rajbari", "division": "Dhaka", "area": 1129.7}}, {"type": "Feature", "geometry": {"type": "Polygon", "coordinates": [[[90.53875488500012, 23.379713095], [90.50223783100006, 23.40224236000006], [90.4874633610001, 23.39958657500017], [90.43165427600019, 23.414458992000107], [90.42224555500019, 23.406879082000046], [90.38774507300002, 23.410353702000123], [90.36559385800018, 23.428770862000192], [90.32389491100014, 23.43330933900006], [90.30864098800004, 23.442626009000037], [90.28729050200008, 23.441741632000117], [90.27929663300006, 23.425640601999987], [90.26260891900006, 23.426699303000134], [90.23062933300014, 23.410948976000157], [90.23091802500005, 23.398582466000107], [90.26340062000014, 23.387766112000122], [90.24408145300009, 23.37182493800009], [90.252837683, 23.345073425000066], [90.24480837500005, 23.294648040000084], [90.23323263000015, 23.267640980000124], [90.24171966199998, 23.23517220300016], [90.25453325600006, 23.21392412000006], [90.283756406, 23.200272763000044], [90.29192438700005, 23.15026573000017], [90.34689031400018, 23.13104492700012], [90.3520493600002, 23.09554854700019], [90.3418880500002, 23.07358623500005], [90.34952478800005, 23.05619406200009], [90.36942999200016, 23.058781992000036], [90.42582072500005, 23.041310763000126], [90.41161177000009, 23.021390836000137], [90.41880345300012, 23.00669066300003], [90.44355722200004, 23.016329485000142], [90.47472524300008, 23.013368800000023], [90.49335341500006, 23.0209900590001], [90.49515308600019, 23.033436694000102], [90.51632076499999, 23.057945931], [90.5160954100001, 23.080759794000187], [90.54483049600003, 23.08013315200003], [90.53292154600018, 23.093544424000186], [90.52720869199999, 23.11665210600006], [90.55564177600013, 23.12453068399998], [90.56712884500013, 23.14060691399999], [90.56630612000004, 23.164824967000186], [90.57994443500019, 23.173699920000047], [90.59480343500007, 23.212043264000044], [90.59555090000015, 23.2473972520001], [90.58182620500014, 23.25260192000013], [90.55455255800007, 23.297869334000154], [90.57476487500008, 23.3376273720001], [90.57121503600013, 23.351184369000123], [90.53875488500012, 23.379713095]]]}, "properties": {"districtName": "Shariatpur", "division": "Dhaka", "area": 1202.5}}, {"type": "Feature", "geometry": {"type": "Polygon", "coordinates": [[[90.29353691500006, 24.27830122], [90.25716163200013, 24.297057954000138], [90.24753864700017, 24.333494910000127], [90.23006242800005, 24.348743311000135], [90.24883791100018, 24.41472469000007], [90.23240393200012, 24.42043629500006], [90.21215979200008, 24.463321552000025], [90.22866588700003, 24.48405453900017], [90.21063859400016, 24.508098190000112], [90.17666153500005, 24.51827303200014], [90.15920724200015, 24.54524059199997], [90.15104057700006, 24.56781672000011], [90.13006751200015, 24.595114097000135], [90.13497844900013, 24.616338257000166], [90.14808652500005, 24.623153765000097], [90.15038287900018, 24.65162873400004], [90.12902465600018, 24.717613460000166], [90.13043936600019, 24.737957738000034], [90.09168215300019, 24.737272967000138], [90.09339820300005, 24.767569045000016], [90.07777932700003, 24.787018864], [90.04914993699998, 24.775838892000138], [90.0301510590001, 24.779534595000086], [90.01516558300011, 24.75062172500003], [89.99788464800014, 24.74573339500006], [89.99074548200008, 24.728149690000123], [89.96955994400008, 24.723324105000074], [89.92559760800009, 24.756650361000084], [89.90900265000016, 24.74011601700016], [89.8778690920002, 24.73861725200004], [89.87887814000004, 24.71174510600008], [89.89179360100007, 24.701989738000123], [89.89715207500006, 24.68260460600004], [89.87650517400016, 24.679929279000135], [89.86181367600011, 24.64924845500019], [89.84431739700011, 24.649965161000125], [89.8492804010001, 24.621883855000135], [89.83011583200005, 24.60716523900004], [89.80713732000004, 24.571614743000055], [89.78916288300007, 24.57469137200013], [89.76864853500001, 24.557459270000038], [89.77042824600011, 24.541128364000087], [89.74869665400007, 24.53888323400014], [89.74973337000006, 24.51178561900008], [89.75924485200011, 24.498657802000082], [89.74501728900003, 24.470430085000146], [89.7509108700001, 24.427741066000067], [89.76800396300018, 24.37988183900012], [89.75345095500006, 24.34990509200003], [89.7724212940002, 24.334208056000136], [89.7783354660001, 24.30068148700019], [89.79274581300007, 24.27482349900015], [89.78645230000006, 24.24971695199997], [89.78944047800007, 24.220909134000124], [89.80499363300004, 24.161104568999974], [89.82323197600016, 24.141194763000044], [89.81912278300007, 24.10966336600012], [89.82560743300013, 24.09397530100017], [89.81795024100006, 24.06506571000017], [89.78648474900018, 24.034895028000108], [89.78537862900015, 24.01024306500011], [89.76505546600004, 23.979099441000074], [89.82045697100017, 23.98459364100006], [89.84625632300015, 23.96937515400009], [89.87073357899999, 23.973238708000167], [89.90635504800008, 23.988005299000122], [89.94811316600016, 24.016287123000154], [89.9673970230001, 24.01344049800008], [89.97878441800003, 24.033433148000142], [89.99185347000008, 24.00145565600019], [90.00839655100009, 24.01121050600011], [90.01740393800014, 24.027865245000157], [90.09003898200018, 24.037296532000028], [90.1026249910002, 24.020883803000174], [90.12906341800004, 24.034983465000096], [90.14843635800014, 24.035549212999967], [90.159139272, 24.0664640170001], [90.17819442200016, 24.07628130900008], [90.1807458290001, 24.09213878600019], [90.231118648, 24.10498010000009], [90.22066177900018, 24.12541941000012], [90.22710164200004, 24.16335595300012], [90.25212762700005, 24.18790858600005], [90.27017503800005, 24.21400042400012], [90.29335709399999, 24.22545069500012], [90.29335113900015, 24.242997493000132], [90.30464040200013, 24.266101499], [90.29353691500006, 24.27830122]]]}, "properties": {"districtName": "Tangail", "division": "Dhaka", "area": 3372.7}}, {"type": "Feature", "geometry": {"type": "Polygon", "coordinates": [[[89.80341294900018, 22.972470123000107], [89.78565148600006, 22.96612199200007], [89.78236490400008, 22.984512498000072], [89.75463066700013, 22.96902790000013], [89.75009327200013, 22.947326405000183], [89.72459247900008, 22.908120322000173], [89.72047810700019, 22.885289107000176], [89.6955376620001, 22.875011844000085], [89.7176885350001, 22.848593499000117], [89.71152405100008, 22.826131813000018], [89.67917273300009, 22.81633856500008], [89.66663435900006, 22.799480552000148], [89.65475544600014, 22.75375067200008], [89.63538881300008, 22.765575202000036], [89.61043969700012, 22.77191011400015], [89.60955943500011, 22.753791194000087], [89.58484447300009, 22.716426612000078], [89.60133260100008, 22.69928795500016], [89.56920564600011, 22.689713493000056], [89.54839572500003, 22.665064378000125], [89.55492107300012, 22.63890990100009], [89.53478579100016, 22.62230961199998], [89.53129577800013, 22.603229630000158], [89.56258775300012, 22.566261574000066], [89.58099749300015, 22.515868162000174], [89.59515829100013, 22.44032923400016], [89.61542556800009, 22.401878321000083], [89.62259022400013, 22.37842488700005], [89.62577487400017, 22.333067869000104], [89.58706894800002, 22.274311185000045], [89.59161969800016, 22.237434122000025], [89.5472250680001, 22.205983990000163], [89.5512966330001, 22.186379860000102], [89.58618005800002, 22.138459848000025], [89.59002191700006, 22.110614652000038], [89.58570456600012, 22.091487209000036], [89.56206699100005, 22.037100051000095], [89.54326655100004, 21.968028477000132], [89.55081773300009, 21.93592968700011], [89.57533406200008, 21.907655965], [89.557779493, 21.870234026], [89.54905266800012, 21.82985765100011], [89.56770763200018, 21.800034725000103], [89.61894731100006, 21.753982420000114], [89.62226609700019, 21.74587460900011], [89.65042275200011, 21.72932159700008], [89.66800100600005, 21.731105988000024], [89.69648533999998, 21.74448013400007], [89.71569704000012, 21.762719279000123], [89.74766332500008, 21.829815578000137], [89.7605493920002, 21.831917277], [89.7893614520001, 21.816746627000157], [89.82239324800003, 21.790428834000124], [89.84402408800008, 21.781533339000134], [89.88867032300016, 21.77776804600012], [89.90818232400011, 21.780402381000044], [89.90983479100015, 21.831804369999986], [89.90264249500012, 21.876248839000027], [89.90612646599999, 21.918865148000123], [89.89501897900016, 21.957885129000033], [89.9096849880001, 21.965334690000134], [89.90159744300018, 21.998019566000153], [89.89085395200004, 22.01494787100006], [89.8783249990002, 22.05783469199997], [89.89545423700008, 22.10059086600006], [89.89613889700007, 22.12629200200007], [89.89013107800014, 22.15701710500008], [89.88200461200006, 22.200100007000117], [89.86392978900017, 22.22441983600004], [89.85735738700009, 22.259114875000023], [89.85939566899998, 22.279364666000106], [89.87370500700018, 22.317957066000076], [89.89395546999998, 22.346621247000087], [89.89883188100015, 22.3736477920001], [89.87037017200004, 22.40732475800013], [89.86967521100019, 22.417706630999987], [89.91021511600007, 22.444380266000167], [89.92480082400004, 22.44313804], [89.94123223500009, 22.454427018000104], [89.93690778900003, 22.473627104000116], [89.8975187170002, 22.473378776000175], [89.88035875800017, 22.49725063400001], [89.91314751800007, 22.50456434200015], [89.9410944920001, 22.49260490500012], [89.96583001500011, 22.49270891900005], [89.96226056700004, 22.508332445000065], [89.92058532500005, 22.51109072700001], [89.95138849500017, 22.54636935999997], [89.96204187800015, 22.592499488000158], [89.95014604600016, 22.600450588000058], [89.91550366300004, 22.60371377200005], [89.92653895800015, 22.64416199200008], [89.90026850600009, 22.65043410200019], [89.9371022380002, 22.678518814000086], [89.91574083700016, 22.693755787000043], [89.90105753300008, 22.696529790000113], [89.86558985100004, 22.691097215000127], [89.86125615300011, 22.702317979000043], [89.90899636200015, 22.72713186800013], [89.92718270600017, 22.7218067500001], [89.9331978680001, 22.75197981600013], [89.90734323200013, 22.75654249000013], [89.90797414800011, 22.7752855330001], [89.93317065300005, 22.793238880000104], [89.91737281100018, 22.808990710000103], [89.93803276800008, 22.82350360900017], [89.94232238600011, 22.84596310300003], [89.92004541100016, 22.865981445000102], [89.91524190900009, 22.881774174000043], [89.88988010800011, 22.882553591000146], [89.86969006900017, 22.87524638600013], [89.83646975200014, 22.888432347000162], [89.85058357500009, 22.897264281000105], [89.82595788700019, 22.933970177000162], [89.8013846500001, 22.943906185000174], [89.80341294900018, 22.972470123000107]]]}, "properties": {"districtName": "Bagerhat", "division": "Khulna", "area": 4072.5}}, {"type": "Feature", "geometry": {"type": "Polygon", "coordinates": [[[89.01643411200018, 23.708273749000057], [89.00705588800014, 23.726712998000096], [89.00961335000017, 23.74001048200006], [88.99345120900006, 23.750599547000036], [89.00595053300009, 23.781699619], [88.97709528600012, 23.78888244600006], [88.96589986800018, 23.808315939000124], [88.91083977300019, 23.785227480000174], [88.92329684600014, 23.81657268600003], [88.90532962100008, 23.837654110000074], [88.89660531900017, 23.827483552000047], [88.85863674500013, 23.83192999300013], [88.83371584300016, 23.81650599900007], [88.81903342400005, 23.773294174000057], [88.79195766000015, 23.77307526800007], [88.77881929900013, 23.732943106000107], [88.78342506600006, 23.720435710000118], [88.7732823230001, 23.69857796600013], [88.74685659900018, 23.696636160000025], [88.73684109500016, 23.683831053000063], [88.6845761190001, 23.657013151000115], [88.68066502900012, 23.64716088600005], [88.65295488000004, 23.64737357500013], [88.63802022900006, 23.610110359000032], [88.65967651000017, 23.549209232000123], [88.67464336400008, 23.548009770000192], [88.7122156440002, 23.50946766100003], [88.72342509000003, 23.51278068200014], [88.74509449500005, 23.481865078000112], [88.75546120500013, 23.478886541000122], [88.77026424600007, 23.497603239000114], [88.80003942900015, 23.498757711999986], [88.78746810700005, 23.469884266], [88.79087861600004, 23.450877659000128], [88.78291473300004, 23.44058388600007], [88.76532430200007, 23.44849504500013], [88.75166282800018, 23.402865420000126], [88.7632536970001, 23.37203997800009], [88.78304064900016, 23.38212187700003], [88.80075168200017, 23.376536912], [88.80963365500008, 23.388720985000134], [88.82478539300018, 23.38169824800002], [88.83538858700018, 23.391678659999968], [88.85234671500012, 23.377775497000073], [88.87574513200019, 23.391326220000167], [88.87886032400019, 23.40717230100006], [88.9202647370002, 23.409900090000065], [88.93329581600005, 23.415345514000137], [88.93652254400007, 23.432198440000093], [88.93069996300011, 23.461065109000117], [88.94454222400014, 23.477356608000093], [88.94553634000016, 23.517799297000124], [88.96008555500003, 23.536296683000103], [88.94328261700008, 23.548760180999977], [88.97390473300015, 23.557243460000166], [88.9873500970001, 23.586094394000042], [89.00180241000015, 23.598490422000054], [89.00970581700011, 23.626352255000086], [89.01213609600018, 23.656562112000017], [89.00690297400013, 23.6671012650001], [89.00975018200012, 23.70363136100019], [89.01643411200018, 23.708273749000057]]]}, "properties": {"districtName": "Chuadanga", "division": "Khulna", "area": 1166.2}}, {"type": "Feature", "geometry": {"type": "Polygon", "coordinates": [[[89.25854190900003, 23.370533997999985], [89.24927212500006, 23.36099524100007], [89.24461154400018, 23.328171295000118], [89.22698714200016, 23.32732429800012], [89.20400780300014, 23.31062334500018], [89.19977870600007, 23.291528197000105], [89.1695644040002, 23.29096916400016], [89.14483446900016, 23.276221112000087], [89.12952238200018, 23.275082393000105], [89.10733923500015, 23.286342673000036], [89.09000878, 23.305291423000085], [89.06523308000016, 23.310763274000124], [89.05488196200008, 23.34310024600012], [89.06834057600008, 23.360257566000087], [89.04070701900008, 23.359745140000143], [89.00701718200014, 23.34117373400005], [88.97933194500013, 23.342541273000165], [88.96149527400007, 23.329318507000153], [88.96495418800009, 23.301974242000142], [88.98812048200017, 23.294492246000118], [88.96215403700012, 23.27301827800011], [88.93348150400016, 23.282985735000125], [88.92059908400006, 23.276774081999974], [88.89661042700004, 23.248734379000155], [88.8925966490001, 23.232329399000093], [88.91152505400015, 23.234027370000035], [88.91369044900017, 23.215199210000037], [88.94130268700007, 23.20641637600005], [88.98456588100015, 23.22119607400009], [88.98081196700002, 23.19215804000015], [88.96623182400009, 23.193652604000192], [88.93934625500003, 23.17691321500007], [88.93217317300014, 23.154683985000077], [88.90011153800009, 23.112664968], [88.86930788300003, 23.100095828000065], [88.86520161000016, 23.077678018000086], [88.8752721680001, 23.044902327000102], [88.88417478200006, 23.038435586000162], [88.86426598300011, 22.990348289], [88.868465324, 22.97537128099998], [88.85545581100018, 22.959046973000056], [88.86971329400006, 22.951099217000035], [88.892256341, 22.95213437000018], [88.89274277300012, 22.925831092000067], [88.90834420000004, 22.918573523000077], [88.92040428600012, 22.913310775000184], [88.94761265300008, 22.920568055000047], [88.99298432700016, 22.923987517], [88.98976262400015, 22.94438699700015], [89.01174205400008, 22.94618729399997], [89.03739412800019, 22.929558110000073], [89.07916067500014, 22.939177363000056], [89.09504827800009, 22.924668817000054], [89.12577485800011, 22.92853120200016], [89.13843810400016, 22.904596260000062], [89.12029893500005, 22.903461702000186], [89.11052834000014, 22.887643727000125], [89.12920857100005, 22.871126692000132], [89.122760889, 22.852969092000023], [89.13921826800004, 22.82677768299999], [89.15683490700007, 22.830627343], [89.16864159600004, 22.816730013000154], [89.20575180200012, 22.818035735000024], [89.24662680900008, 22.836008207000077], [89.266843849, 22.853621138000165], [89.30221183700019, 22.842966630000035], [89.35017643600014, 22.83336113900009], [89.34655874400016, 22.876493103000143], [89.35722371200006, 22.880940017], [89.34057777400017, 22.921964872000103], [89.38465648000005, 22.932791860000066], [89.40994690700012, 22.953307334000044], [89.42663282600006, 22.958374759000037], [89.42903374899998, 22.996865861000174], [89.4393776340001, 23.008546526000032], [89.46080212800013, 23.008237860000065], [89.47733026600008, 22.97917704600019], [89.48240531800008, 22.95561698], [89.51325071100001, 22.928729950000104], [89.52194082800008, 22.942958960000055], [89.54743683700013, 22.953970790000085], [89.56202934300012, 22.970628514000055], [89.55907069300008, 22.98405913300013], [89.53676160300006, 22.984142088000112], [89.52798144600018, 23.00736321700009], [89.50778466100002, 23.01480831800012], [89.49055855199998, 23.038004155000067], [89.46822732900017, 23.033170200000086], [89.45645664200015, 23.04203911400009], [89.43964531000006, 23.073648169000023], [89.44155758400018, 23.105629662000183], [89.43146443400013, 23.105837519999966], [89.41698876900011, 23.082231126000067], [89.38884233300007, 23.083100295000122], [89.38844683600013, 23.107406513000058], [89.3763499590001, 23.135246619000156], [89.39275466900011, 23.14351655700017], [89.41797984100003, 23.139741429000082], [89.41235611500014, 23.168039015000033], [89.41926838799998, 23.17555418400019], [89.42287234900004, 23.20423666199997], [89.4171107790001, 23.228931107000165], [89.42747538000015, 23.23419071300009], [89.425813527, 23.257799980000186], [89.39771082500005, 23.279505243000074], [89.37316356500008, 23.288708323000037], [89.34646438400017, 23.283896809], [89.33777427900009, 23.304871447000153], [89.29353329100013, 23.332374580000135], [89.25854190900003, 23.370533997999985]]]}, "properties": {"districtName": "Jashore", "division": "Khulna", "area": 2576.4}}, {"type": "Feature", "geometry": {"type": "Polygon", "coordinates": [[[89.29651970600003, 23.738025597000046], [89.26643977400005, 23.74350651600014], [89.2520269370001, 23.76440761700013], [89.23342969300006, 23.756397145999983], [89.21517536800019, 23.759272525000142], [89.20416837000005, 23.746657227000128], [89.17572346300005, 23.74727587100017], [89.15979938600015, 23.735954496000033], [89.15769494500017, 23.722255138000037], [89.12728165000004, 23.721772684000086], [89.11091526100012, 23.735467956000093], [89.07093482100004, 23.755924688000164], [89.06281930100005, 23.735913219000054], [89.0753492930001, 23.72620360600007], [89.05157862200014, 23.711378537000087], [89.04020612700003, 23.69508734800013], [89.01643411200018, 23.708273749000057], [89.00975018200012, 23.70363136100019], [89.00690297400013, 23.6671012650001], [89.01213609600018, 23.656562112000017], [89.00970581700011, 23.626352255000086], [89.00180241000015, 23.598490422000054], [88.9873500970001, 23.586094394000042], [88.97390473300015, 23.557243460000166], [88.94328261700008, 23.548760180999977], [88.96008555500003, 23.536296683000103], [88.94553634000016, 23.517799297000124], [88.94454222400014, 23.477356608000093], [88.93069996300011, 23.461065109000117], [88.93652254400007, 23.432198440000093], [88.93329581600005, 23.415345514000137], [88.9202647370002, 23.409900090000065], [88.87886032400019, 23.40717230100006], [88.87574513200019, 23.391326220000167], [88.85234671500012, 23.377775497000073], [88.83538858700018, 23.391678659999968], [88.82478539300018, 23.38169824800002], [88.80963365500008, 23.388720985000134], [88.80075168200017, 23.376536912], [88.78304064900016, 23.38212187700003], [88.7632536970001, 23.37203997800009], [88.7501396470002, 23.363067118], [88.73335531500004, 23.32716730500016], [88.74881253600006, 23.322141256000066], [88.74438568300019, 23.306790530000058], [88.72675661599999, 23.30188419000018], [88.70673247600018, 23.310724708000123], [88.69655444000006, 23.30247820200009], [88.72357152400008, 23.26995879499998], [88.71866982400007, 23.254472591000138], [88.75201422700002, 23.240611070000114], [88.76714952700019, 23.24614508600007], [88.77437454100004, 23.225132826], [88.80387799700014, 23.219076207000114], [88.80972511100003, 23.254888865999988], [88.85571378500003, 23.236462388000064], [88.8925966490001, 23.232329399000093], [88.89661042700004, 23.248734379000155], [88.92059908400006, 23.276774081999974], [88.93348150400016, 23.282985735000125], [88.96215403700012, 23.27301827800011], [88.98812048200017, 23.294492246000118], [88.96495418800009, 23.301974242000142], [88.96149527400007, 23.329318507000153], [88.97933194500013, 23.342541273000165], [89.00701718200014, 23.34117373400005], [89.04070701900008, 23.359745140000143], [89.06834057600008, 23.360257566000087], [89.05488196200008, 23.34310024600012], [89.06523308000016, 23.310763274000124], [89.09000878, 23.305291423000085], [89.10733923500015, 23.286342673000036], [89.12952238200018, 23.275082393000105], [89.14483446900016, 23.276221112000087], [89.1695644040002, 23.29096916400016], [89.19977870600007, 23.291528197000105], [89.20400780300014, 23.31062334500018], [89.22698714200016, 23.32732429800012], [89.24461154400018, 23.328171295000118], [89.24927212500006, 23.36099524100007], [89.25854190900003, 23.370533997999985], [89.24640839500012, 23.393444932000136], [89.26053757200003, 23.42087849300009], [89.30433003100012, 23.456542103000174], [89.3089733970001, 23.480612465000092], [89.2990920900001, 23.496557183999982], [89.30347350000005, 23.526234720000048], [89.32355221700004, 23.564622855000096], [89.34509628300003, 23.578518035000116], [89.34100702200016, 23.58864635900005], [89.35309530300015, 23.61660716200015], [89.3569972950001, 23.638763894000192], [89.3764184920002, 23.66410211400006], [89.3659287980002, 23.668631923000135], [89.32205753300019, 23.703778663000094], [89.310506428, 23.730740614000126], [89.29651970600003, 23.738025597000046]]]}, "properties": {"districtName": "Jhenaidah", "division": "Khulna", "area": 1965.5}}, {"type": "Feature", "geometry": {"type": "Polygon", "coordinates": [[[89.55907069300008, 22.98405913300013], [89.56202934300012, 22.970628514000055], [89.54743683700013, 22.953970790000085], [89.52194082800008, 22.942958960000055], [89.51325071100001, 22.928729950000104], [89.48240531800008, 22.95561698], [89.47733026600008, 22.97917704600019], [89.46080212800013, 23.008237860000065], [89.4393776340001, 23.008546526000032], [89.42903374899998, 22.996865861000174], [89.42663282600006, 22.958374759000037], [89.40994690700012, 22.953307334000044], [89.38465648000005, 22.932791860000066], [89.34057777400017, 22.921964872000103], [89.35722371200006, 22.880940017], [89.34655874400016, 22.876493103000143], [89.35017643600014, 22.83336113900009], [89.30221183700019, 22.842966630000035], [89.266843849, 22.853621138000165], [89.24662680900008, 22.836008207000077], [89.2571678160001, 22.832569821000163], [89.2492764340002, 22.80928273000012], [89.26573415100006, 22.796705301000145], [89.29841266300008, 22.788059877000137], [89.31144597000014, 22.74950930200015], [89.33177237299998, 22.728328954000062], [89.30528049500009, 22.709824051000112], [89.30872218200017, 22.695525759000077], [89.26038540500014, 22.69415168400019], [89.26149980100018, 22.668268128000136], [89.30137514700004, 22.645958453000162], [89.26543127100001, 22.62988896400003], [89.26615618900013, 22.647473405000085], [89.25358932000017, 22.658476653000093], [89.24357280200007, 22.63500636100008], [89.24860175200013, 22.61783056200011], [89.26507834900013, 22.59861612400016], [89.25834668700003, 22.569935807000093], [89.24388096700005, 22.566973207000103], [89.23580442200017, 22.547757156000046], [89.24875122400005, 22.530142005000187], [89.24980484700012, 22.507156816000077], [89.25759252900019, 22.492793539000104], [89.28362637700002, 22.478435143000127], [89.25617886800018, 22.465404245000173], [89.2403532460001, 22.427710463000153], [89.25687732700015, 22.397667155000192], [89.23798855500013, 22.38102071900005], [89.26449951100005, 22.375883587999965], [89.27430934200015, 22.34798002900004], [89.25139919500003, 22.336852472000146], [89.27862879500009, 22.304529189999982], [89.28862431300001, 22.28368731400019], [89.31612580299998, 22.285476741000025], [89.31345191800017, 22.271786031000033], [89.29074217800019, 22.253487640000117], [89.31157351900009, 22.231947965000188], [89.30779531900015, 22.213593220000064], [89.32179091900014, 22.1981816120001], [89.31381593800012, 22.177426709000144], [89.27863928300008, 22.14099023200015], [89.263026717, 22.08982020300016], [89.29481822200012, 22.096575561000066], [89.30286085400013, 22.081783034000125], [89.28618343300002, 22.061100051999972], [89.32281402400014, 21.991243858000132], [89.36191394000019, 21.947760916], [89.37267219900008, 21.916500926000083], [89.37013413400018, 21.895070964000126], [89.33843132300012, 21.88091868000015], [89.30948108400008, 21.849473636000027], [89.31061448200006, 21.804995837000092], [89.31519123200002, 21.77536421400015], [89.32182170900018, 21.693024949000176], [89.32593897100014, 21.685274368000023], [89.34886647200011, 21.67089945700019], [89.43384010800003, 21.672582047000162], [89.46865279400009, 21.676984081000057], [89.49746832500017, 21.692446317000076], [89.50834374000004, 21.679254415000116], [89.54168851800011, 21.663505230000055], [89.63747009000008, 21.663762322000025], [89.61576434900013, 21.69811113100019], [89.61388154200006, 21.712521689000027], [89.62226609700019, 21.74587460900011], [89.61894731100006, 21.753982420000114], [89.56770763200018, 21.800034725000103], [89.54905266800012, 21.82985765100011], [89.557779493, 21.870234026], [89.57533406200008, 21.907655965], [89.55081773300009, 21.93592968700011], [89.54326655100004, 21.968028477000132], [89.56206699100005, 22.037100051000095], [89.58570456600012, 22.091487209000036], [89.59002191700006, 22.110614652000038], [89.58618005800002, 22.138459848000025], [89.5512966330001, 22.186379860000102], [89.5472250680001, 22.205983990000163], [89.59161969800016, 22.237434122000025], [89.58706894800002, 22.274311185000045], [89.62577487400017, 22.333067869000104], [89.62259022400013, 22.37842488700005], [89.61542556800009, 22.401878321000083], [89.59515829100013, 22.44032923400016], [89.58099749300015, 22.515868162000174], [89.56258775300012, 22.566261574000066], [89.53129577800013, 22.603229630000158], [89.53478579100016, 22.62230961199998], [89.55492107300012, 22.63890990100009], [89.54839572500003, 22.665064378000125], [89.56920564600011, 22.689713493000056], [89.60133260100008, 22.69928795500016], [89.58484447300009, 22.716426612000078], [89.60955943500011, 22.753791194000087], [89.61043969700012, 22.77191011400015], [89.63538881300008, 22.765575202000036], [89.65475544600014, 22.75375067200008], [89.66663435900006, 22.799480552000148], [89.67917273300009, 22.81633856500008], [89.71152405100008, 22.826131813000018], [89.7176885350001, 22.848593499000117], [89.6955376620001, 22.875011844000085], [89.72047810700019, 22.885289107000176], [89.72459247900008, 22.908120322000173], [89.75009327200013, 22.947326405000183], [89.75463066700013, 22.96902790000013], [89.65466026900015, 22.983796971000118], [89.6490668420002, 22.970166902000074], [89.60568470300012, 22.957376161000184], [89.5839279180002, 22.987564767000094], [89.55907069300008, 22.98405913300013]]]}, "properties": {"districtName": "Khulna", "division": "Khulna", "area": 4457.3}}, {"type": "Feature", "geometry": {"type": "Polygon", "coordinates": [[[88.86166908700017, 24.11703583900004], [88.84468147800015, 24.131313848000048], [88.8211882870001, 24.125581337000142], [88.80189384900007, 24.13147731099997], [88.7749461630001, 24.153704857000037], [88.78233196100012, 24.160778604000086], [88.73478258900019, 24.219466142999977], [88.7312244220002, 24.172770149000087], [88.7464466850002, 24.146950982000135], [88.70801684500015, 24.119220374000065], [88.703990794, 24.09438384100008], [88.724666647, 24.103640188000043], [88.72497716900011, 24.041127494000136], [88.74166224300006, 24.035370950000072], [88.72850739800009, 23.996492248000038], [88.76170388600019, 24.004797839000048], [88.76761412100007, 23.98161158700009], [88.73685215100016, 23.981546164000065], [88.73444856800018, 23.96291614900008], [88.75649280300007, 23.969242814000154], [88.76834531000009, 23.952627924000126], [88.78220218800016, 23.96683609300004], [88.80194869200011, 23.974372087000063], [88.80902345800018, 23.96386088800017], [88.81497478300008, 23.93032551800013], [88.83787458000006, 23.937800312000036], [88.86160767400014, 23.923954572000184], [88.87323362500013, 23.89751489000014], [88.86290522600007, 23.881850471000178], [88.88359561800013, 23.86978734000013], [88.862692358, 23.85123768200009], [88.85863674500013, 23.83192999300013], [88.89660531900017, 23.827483552000047], [88.90532962100008, 23.837654110000074], [88.92329684600014, 23.81657268600003], [88.91083977300019, 23.785227480000174], [88.96589986800018, 23.808315939000124], [88.97709528600012, 23.78888244600006], [89.00595053300009, 23.781699619], [88.99345120900006, 23.750599547000036], [89.00961335000017, 23.74001048200006], [89.00705588800014, 23.726712998000096], [89.01643411200018, 23.708273749000057], [89.04020612700003, 23.69508734800013], [89.05157862200014, 23.711378537000087], [89.0753492930001, 23.72620360600007], [89.06281930100005, 23.735913219000054], [89.07093482100004, 23.755924688000164], [89.11091526100012, 23.735467956000093], [89.12728165000004, 23.721772684000086], [89.15769494500017, 23.722255138000037], [89.15979938600015, 23.735954496000033], [89.17572346300005, 23.74727587100017], [89.20416837000005, 23.746657227000128], [89.21517536800019, 23.759272525000142], [89.23342969300006, 23.756397145999983], [89.2520269370001, 23.76440761700013], [89.26643977400005, 23.74350651600014], [89.29651970600003, 23.738025597000046], [89.31432754100007, 23.748600620000104], [89.32982467300013, 23.77846564200007], [89.32946010500018, 23.804151394000087], [89.33570819100004, 23.83106244000004], [89.35089336000016, 23.842620462000127], [89.35848383200005, 23.886730688000114], [89.34573846800015, 23.893493967999973], [89.3091066070001, 23.87897820800015], [89.3025479760002, 23.89041020400009], [89.25345943200006, 23.90618651799997], [89.24258037800018, 23.938546331000055], [89.23248528700009, 23.944712439000057], [89.23340671000017, 23.97383337100007], [89.21210990000003, 23.974645010000188], [89.21326473000005, 23.989624718000073], [89.17588551600005, 23.987185625000166], [89.17511185300009, 23.964226874000076], [89.16567703500016, 23.953902334000077], [89.14512162600016, 23.96407545600016], [89.09435041400008, 23.96394699000018], [89.07073039700003, 23.979025065000144], [89.0478872610002, 24.016869680000127], [89.02630923100003, 24.07697817600007], [89.02238405300017, 24.09542215400006], [89.0050426470001, 24.116556292000098], [88.95458277100016, 24.123190210000075], [88.93670249800005, 24.131227704000025], [88.92066752200003, 24.12092457], [88.88048076200016, 24.106267587000104], [88.86166908700017, 24.11703583900004]]]}, "properties": {"districtName": "Kushtia", "division": "Khulna", "area": 1639.3}}, {"type": "Feature", "geometry": {"type": "Polygon", "coordinates": [[[89.497837919, 23.580829067000025], [89.47402432300004, 23.60170479800007], [89.48725891200019, 23.617168272000185], [89.47298149400012, 23.634915926000133], [89.44211809500013, 23.639559052000095], [89.4422630110002, 23.657053087000065], [89.40157128700008, 23.683156084000075], [89.3659287980002, 23.668631923000135], [89.3764184920002, 23.66410211400006], [89.3569972950001, 23.638763894000192], [89.35309530300015, 23.61660716200015], [89.34100702200016, 23.58864635900005], [89.34509628300003, 23.578518035000116], [89.32355221700004, 23.564622855000096], [89.30347350000005, 23.526234720000048], [89.2990920900001, 23.496557183999982], [89.3089733970001, 23.480612465000092], [89.30433003100012, 23.456542103000174], [89.26053757200003, 23.42087849300009], [89.24640839500012, 23.393444932000136], [89.25854190900003, 23.370533997999985], [89.29353329100013, 23.332374580000135], [89.33777427900009, 23.304871447000153], [89.34646438400017, 23.283896809], [89.37316356500008, 23.288708323000037], [89.39771082500005, 23.279505243000074], [89.425813527, 23.257799980000186], [89.44769964100004, 23.257966629], [89.46313180100009, 23.2828500170001], [89.47961598000018, 23.297296251999967], [89.49618811800019, 23.295998178000048], [89.52390653900011, 23.27821318200006], [89.53520214500014, 23.30167162300006], [89.55533005400014, 23.30692432400008], [89.56046155400014, 23.319072545999973], [89.60590591400006, 23.319198465], [89.62052835600002, 23.30801034400008], [89.60477741200009, 23.334598794000158], [89.60555951400016, 23.372423660000038], [89.61282528400005, 23.38338061500008], [89.60295703400016, 23.417068685000118], [89.60505693400017, 23.474167998999974], [89.57590221700008, 23.496052230000146], [89.53056625400018, 23.51276137700006], [89.51451446200008, 23.508033592000118], [89.51103814000004, 23.47648486700018], [89.49355404000005, 23.47895142200008], [89.48864318100004, 23.503687072], [89.49795776100018, 23.522035534999986], [89.53753744300013, 23.538638166000112], [89.50930656600008, 23.546342317000153], [89.497837919, 23.580829067000025]]]}, "properties": {"districtName": "Magura", "division": "Khulna", "area": 1042.3}}, {"type": "Feature", "geometry": {"type": "Polygon", "coordinates": [[[88.85863674500013, 23.83192999300013], [88.862692358, 23.85123768200009], [88.88359561800013, 23.86978734000013], [88.86290522600007, 23.881850471000178], [88.87323362500013, 23.89751489000014], [88.86160767400014, 23.923954572000184], [88.83787458000006, 23.937800312000036], [88.81497478300008, 23.93032551800013], [88.80902345800018, 23.96386088800017], [88.80194869200011, 23.974372087000063], [88.78220218800016, 23.96683609300004], [88.76834531000009, 23.952627924000126], [88.75649280300007, 23.969242814000154], [88.73444856800018, 23.96291614900008], [88.74006193800011, 23.938470517000155], [88.73548672900017, 23.915101620000087], [88.70663116900005, 23.916430652000088], [88.68456715300005, 23.890462763000073], [88.6550864580002, 23.868904327000166], [88.61786860500018, 23.876639051000097], [88.58731378500016, 23.87126837300019], [88.58864681800009, 23.82798560900011], [88.60017265000016, 23.821520903000078], [88.59041350400003, 23.797480427000096], [88.5696191720001, 23.78341800700008], [88.58062592900012, 23.76534990600004], [88.56516937400016, 23.712221902000124], [88.57481873700016, 23.676757068000143], [88.5580804490001, 23.649602516000073], [88.56224730100007, 23.637336803000153], [88.59352417600019, 23.64096955000008], [88.59280782000008, 23.603252403000113], [88.61793251200004, 23.60178931300004], [88.63802022900006, 23.610110359000032], [88.65295488000004, 23.64737357500013], [88.68066502900012, 23.64716088600005], [88.6845761190001, 23.657013151000115], [88.73684109500016, 23.683831053000063], [88.74685659900018, 23.696636160000025], [88.7732823230001, 23.69857796600013], [88.78342506600006, 23.720435710000118], [88.77881929900013, 23.732943106000107], [88.79195766000015, 23.77307526800007], [88.81903342400005, 23.773294174000057], [88.83371584300016, 23.81650599900007], [88.85863674500013, 23.83192999300013]]]}, "properties": {"districtName": "Meherpur", "division": "Khulna", "area": 718.3}}, {"type": "Feature", "geometry": {"type": "Polygon", "coordinates": [[[89.62052835600002, 23.30801034400008], [89.60590591400006, 23.319198465], [89.56046155400014, 23.319072545999973], [89.55533005400014, 23.30692432400008], [89.53520214500014, 23.30167162300006], [89.52390653900011, 23.27821318200006], [89.49618811800019, 23.295998178000048], [89.47961598000018, 23.297296251999967], [89.46313180100009, 23.2828500170001], [89.44769964100004, 23.257966629], [89.425813527, 23.257799980000186], [89.42747538000015, 23.23419071300009], [89.4171107790001, 23.228931107000165], [89.42287234900004, 23.20423666199997], [89.41926838799998, 23.17555418400019], [89.41235611500014, 23.168039015000033], [89.41797984100003, 23.139741429000082], [89.39275466900011, 23.14351655700017], [89.3763499590001, 23.135246619000156], [89.38844683600013, 23.107406513000058], [89.38884233300007, 23.083100295000122], [89.41698876900011, 23.082231126000067], [89.43146443400013, 23.105837519999966], [89.44155758400018, 23.105629662000183], [89.43964531000006, 23.073648169000023], [89.45645664200015, 23.04203911400009], [89.46822732900017, 23.033170200000086], [89.49055855199998, 23.038004155000067], [89.50778466100002, 23.01480831800012], [89.52798144600018, 23.00736321700009], [89.53676160300006, 22.984142088000112], [89.55907069300008, 22.98405913300013], [89.5839279180002, 22.987564767000094], [89.60568470300012, 22.957376161000184], [89.6490668420002, 22.970166902000074], [89.65466026900015, 22.983796971000118], [89.75463066700013, 22.96902790000013], [89.78236490400008, 22.984512498000072], [89.78565148600006, 22.96612199200007], [89.80341294900018, 22.972470123000107], [89.7970666670002, 22.99669675600012], [89.76256985100014, 23.00771034400009], [89.7461673250001, 23.048703054999976], [89.72754250399998, 23.05642265], [89.73160142000012, 23.07958419900018], [89.70072304800016, 23.088765039000066], [89.68258449100011, 23.102193670000133], [89.67009425400005, 23.123068657999966], [89.68125009400012, 23.12982359100016], [89.72297675700014, 23.12137052300011], [89.74207512100008, 23.137703378000083], [89.7300793980001, 23.156628195], [89.75306240800018, 23.185761801000183], [89.71396247500019, 23.175634928000136], [89.69458350400004, 23.160915122000063], [89.67865192300019, 23.182093273000078], [89.68852430800013, 23.21105074500008], [89.68863313700018, 23.221942631000104], [89.66868481000017, 23.244340018000116], [89.63768725700004, 23.236200571000154], [89.63143787500002, 23.258517952999966], [89.65400216700004, 23.28799209600004], [89.634448572, 23.289250763000155], [89.62052835600002, 23.30801034400008]]]}, "properties": {"districtName": "Narail", "division": "Khulna", "area": 983.9}}, {"type": "Feature", "geometry": {"type": "Polygon", "coordinates": [[[89.24662680900008, 22.836008207000077], [89.20575180200012, 22.818035735000024], [89.16864159600004, 22.816730013000154], [89.15683490700007, 22.830627343], [89.13921826800004, 22.82677768299999], [89.122760889, 22.852969092000023], [89.12920857100005, 22.871126692000132], [89.11052834000014, 22.887643727000125], [89.12029893500005, 22.903461702000186], [89.13843810400016, 22.904596260000062], [89.12577485800011, 22.92853120200016], [89.09504827800009, 22.924668817000054], [89.07916067500014, 22.939177363000056], [89.03739412800019, 22.929558110000073], [89.01174205400008, 22.94618729399997], [88.98976262400015, 22.94438699700015], [88.99298432700016, 22.923987517], [88.94761265300008, 22.920568055000047], [88.92040428600012, 22.913310775000184], [88.90834420000004, 22.918573523000077], [88.89534115300017, 22.911851289000026], [88.90982204900018, 22.87899881300018], [88.92852332700016, 22.871958646000053], [88.94924766900016, 22.876007981000157], [88.96727055500014, 22.843918127000165], [88.9574873900001, 22.796223217000033], [88.92439584600015, 22.779920976000028], [88.91078167000012, 22.758136934999982], [88.91580322300018, 22.73618803500011], [88.92821527000018, 22.718147773000112], [88.96122149800016, 22.69530729900015], [88.94488397000015, 22.662404839000033], [88.92754210400005, 22.648722546000158], [88.93919660700004, 22.622074415000156], [88.9591956110001, 22.61104761200005], [88.9394265890001, 22.59100086500007], [88.94448697900009, 22.568668902000127], [88.97061224700008, 22.529572241000096], [88.97524835700011, 22.496780531000127], [88.99627533600005, 22.467760993000127], [88.98965126100006, 22.442562564000013], [88.99946978200006, 22.432687302999966], [88.9717203670001, 22.407687883000108], [88.99171205700009, 22.389844680000124], [88.98512009500018, 22.328271853000103], [88.9990846930001, 22.324691202000054], [89.0240290320001, 22.29855870500012], [88.99798217700015, 22.296322295000152], [88.99694027300012, 22.283938041000056], [89.03398845800012, 22.258738374000018], [89.04558471700011, 22.221614130000034], [89.07061744700007, 22.197318964000146], [89.06149609100015, 22.17137214600001], [89.07097872600002, 22.148942003000172], [89.09581336200017, 22.147514224000076], [89.05479355900013, 22.120415977000164], [89.03920660900013, 22.095247922000112], [89.04838623000018, 22.057505117000176], [89.07814864000017, 22.02014504800013], [89.08348390900011, 22.00301091200015], [89.07886016100014, 21.98555442200012], [89.0811632110001, 21.956309255000065], [89.07276136900003, 21.927692734000118], [89.02761685700006, 21.9201959560001], [89.02299877700005, 21.8922408520001], [89.04423909200005, 21.862389163000103], [89.04220064300006, 21.8279133100001], [89.02998350100012, 21.797881254000174], [89.02963421600009, 21.78169279600013], [89.04946758200009, 21.758778332000077], [89.07474447300012, 21.720224523000184], [89.135532577, 21.64717288300011], [89.16170608100003, 21.64549565600015], [89.19749896000013, 21.656542925000167], [89.26631107700018, 21.65419604400006], [89.32049693900018, 21.673398961000032], [89.32593897100014, 21.685274368000023], [89.32182170900018, 21.693024949000176], [89.31519123200002, 21.77536421400015], [89.31061448200006, 21.804995837000092], [89.30948108400008, 21.849473636000027], [89.33843132300012, 21.88091868000015], [89.37013413400018, 21.895070964000126], [89.37267219900008, 21.916500926000083], [89.36191394000019, 21.947760916], [89.32281402400014, 21.991243858000132], [89.28618343300002, 22.061100051999972], [89.30286085400013, 22.081783034000125], [89.29481822200012, 22.096575561000066], [89.263026717, 22.08982020300016], [89.27863928300008, 22.14099023200015], [89.31381593800012, 22.177426709000144], [89.32179091900014, 22.1981816120001], [89.30779531900015, 22.213593220000064], [89.31157351900009, 22.231947965000188], [89.29074217800019, 22.253487640000117], [89.31345191800017, 22.271786031000033], [89.31612580299998, 22.285476741000025], [89.28862431300001, 22.28368731400019], [89.27862879500009, 22.304529189999982], [89.25139919500003, 22.336852472000146], [89.27430934200015, 22.34798002900004], [89.26449951100005, 22.375883587999965], [89.23798855500013, 22.38102071900005], [89.25687732700015, 22.397667155000192], [89.2403532460001, 22.427710463000153], [89.25617886800018, 22.465404245000173], [89.28362637700002, 22.478435143000127], [89.25759252900019, 22.492793539000104], [89.24980484700012, 22.507156816000077], [89.24875122400005, 22.530142005000187], [89.23580442200017, 22.547757156000046], [89.24388096700005, 22.566973207000103], [89.25834668700003, 22.569935807000093], [89.26507834900013, 22.59861612400016], [89.24860175200013, 22.61783056200011], [89.24357280200007, 22.63500636100008], [89.25358932000017, 22.658476653000093], [89.26615618900013, 22.647473405000085], [89.26543127100001, 22.62988896400003], [89.30137514700004, 22.645958453000162], [89.26149980100018, 22.668268128000136], [89.26038540500014, 22.69415168400019], [89.30872218200017, 22.695525759000077], [89.30528049500009, 22.709824051000112], [89.33177237299998, 22.728328954000062], [89.31144597000014, 22.74950930200015], [89.29841266300008, 22.788059877000137], [89.26573415100006, 22.796705301000145], [89.2492764340002, 22.80928273000012], [89.2571678160001, 22.832569821000163], [89.24662680900008, 22.836008207000077]]]}, "properties": {"districtName": "Satkhira", "division": "Khulna", "area": 3963.0}}, {"type": "Feature", "geometry": {"type": "Polygon", "coordinates": [[[89.82566675100009, 25.41529727600016], [89.76671050000016, 25.435092817000168], [89.78024083300011, 25.408828874], [89.77691700600019, 25.38758173000008], [89.74070027500005, 25.375283266000167], [89.7193692130001, 25.35613810100017], [89.7564397880002, 25.28143172800003], [89.75162645500006, 25.251732977000074], [89.7354067010001, 25.233711070000084], [89.70104409700014, 25.232093115000055], [89.67594962400011, 25.183384773000114], [89.67423238200013, 25.17288046200008], [89.65290235200013, 25.14473041300016], [89.63911071400014, 25.090092940000034], [89.65343185400002, 25.07817371700014], [89.65550063000018, 25.04666114600019], [89.64838320000013, 25.042848890000073], [89.66157323000004, 25.003214104], [89.66125664700007, 24.987993900000106], [89.67747455500012, 24.964836188], [89.67449056200019, 24.93026782400011], [89.68467628200011, 24.918258037000044], [89.67544607200006, 24.8979543640001], [89.66381531300004, 24.89354174800019], [89.68621303400005, 24.83818883200007], [89.70808036100004, 24.81683591100017], [89.72984313300003, 24.804885554], [89.72108423900005, 24.78008968300003], [89.73909145100015, 24.767429902000174], [89.77446755, 24.77459725600005], [89.79115065700006, 24.74174058], [89.78109677100008, 24.712566170000173], [89.79497876200014, 24.70494295800006], [89.78758416300019, 24.66698937000018], [89.788005053, 24.6282584760001], [89.76723076200005, 24.615127571000187], [89.78916288300007, 24.57469137200013], [89.80713732000004, 24.571614743000055], [89.83011583200005, 24.60716523900004], [89.8492804010001, 24.621883855000135], [89.84431739700011, 24.649965161000125], [89.86181367600011, 24.64924845500019], [89.87650517400016, 24.679929279000135], [89.89715207500006, 24.68260460600004], [89.89179360100007, 24.701989738000123], [89.87887814000004, 24.71174510600008], [89.8778690920002, 24.73861725200004], [89.90900265000016, 24.74011601700016], [89.92559760800009, 24.756650361000084], [89.96955994400008, 24.723324105000074], [89.99074548200008, 24.728149690000123], [89.99788464800014, 24.74573339500006], [90.01516558300011, 24.75062172500003], [90.0301510590001, 24.779534595000086], [90.04914993699998, 24.775838892000138], [90.07777932700003, 24.787018864], [90.10617645400015, 24.78265282400008], [90.12256466100013, 24.78961249700012], [90.1413813740001, 24.77990528500004], [90.15948212700005, 24.792278083000042], [90.16142071900003, 24.81482717700004], [90.1822226340002, 24.828822082999977], [90.1998982360002, 24.880882612000107], [90.19297203100007, 24.886617561000094], [90.1484504020001, 24.907336016000045], [90.12438998000005, 24.904851410000163], [90.01577102300013, 24.90924969300005], [89.99910738300014, 24.920692450000104], [89.98420337600004, 24.916876504000186], [89.94480382500018, 24.933012912000038], [89.9423134480001, 24.95604275000005], [89.91102316200016, 24.961035083000183], [89.91056322100019, 24.981609104000142], [89.88340851600009, 25.01742830900008], [89.88752308400018, 25.03450849000012], [89.90800620100003, 25.04323951700013], [89.92572147100014, 25.059319695000113], [89.91412301900004, 25.070718058000068], [89.91631628300013, 25.088097872000162], [89.89551717000006, 25.11706132300003], [89.90070178900015, 25.157826394000097], [89.91079342400013, 25.17322024500004], [89.88678981800007, 25.182661326000016], [89.89034527200005, 25.214783161000128], [89.89957481700014, 25.225651532000086], [89.90254093700008, 25.26207468100006], [89.92793865900006, 25.263763787000016], [89.93172352500005, 25.289816072000065], [89.94738639500014, 25.295017907000158], [89.90876877900007, 25.30820987700008], [89.87579912600017, 25.28556158800012], [89.83085563000014, 25.296216046999973], [89.84120443600006, 25.315280064000035], [89.82285559200011, 25.348243642000057], [89.81972503300017, 25.38117451], [89.82566675100009, 25.41529727600016]]]}, "properties": {"districtName": "Jamalpur", "division": "Mymensingh", "area": 2051.9}}, {"type": "Feature", "geometry": {"type": "Polygon", "coordinates": [[[90.618001328, 25.172808982], [90.52517582900009, 25.173474486000032], [90.45068260600004, 25.15190410600013], [90.44109249100012, 25.14414396400008], [90.40590054600005, 25.159163388000024], [90.37214661900009, 25.161825835000116], [90.32944304100016, 25.193080942999984], [90.31007771900016, 25.188264243000106], [90.26650254200007, 25.197398154000098], [90.25978913100016, 25.162990373000014], [90.26982243400016, 25.15006825100005], [90.26689953100015, 25.10167418000009], [90.28888923000017, 25.07787285], [90.28162614700005, 25.05714319499998], [90.24911289400012, 25.053615996000076], [90.23329949100008, 25.04291963600008], [90.2431004990001, 25.01324387600016], [90.23049529000014, 24.966744941000115], [90.2539583900001, 24.95780890200018], [90.23227844300015, 24.941924708000045], [90.24737551100014, 24.926461718000155], [90.23492394300018, 24.888442632000192], [90.22216548000017, 24.883111193000047], [90.19297203100007, 24.886617561000094], [90.1998982360002, 24.880882612000107], [90.1822226340002, 24.828822082999977], [90.16142071900003, 24.81482717700004], [90.15948212700005, 24.792278083000042], [90.1413813740001, 24.77990528500004], [90.12256466100013, 24.78961249700012], [90.10617645400015, 24.78265282400008], [90.07777932700003, 24.787018864], [90.09339820300005, 24.767569045000016], [90.09168215300019, 24.737272967000138], [90.13043936600019, 24.737957738000034], [90.12902465600018, 24.717613460000166], [90.15038287900018, 24.65162873400004], [90.14808652500005, 24.623153765000097], [90.13497844900013, 24.616338257000166], [90.13006751200015, 24.595114097000135], [90.15104057700006, 24.56781672000011], [90.15920724200015, 24.54524059199997], [90.17666153500005, 24.51827303200014], [90.21063859400016, 24.508098190000112], [90.22866588700003, 24.48405453900017], [90.21215979200008, 24.463321552000025], [90.23240393200012, 24.42043629500006], [90.24883791100018, 24.41472469000007], [90.23006242800005, 24.348743311000135], [90.24753864700017, 24.333494910000127], [90.25716163200013, 24.297057954000138], [90.29353691500006, 24.27830122], [90.32373991800017, 24.299184118000028], [90.36641895600008, 24.280991918000097], [90.38743169800011, 24.289007479000077], [90.40473551900004, 24.28415972000016], [90.42220442500019, 24.308218001000057], [90.43780761000005, 24.340123565000113], [90.45628776100011, 24.34084810000013], [90.49600855900019, 24.31501929700005], [90.52943281400019, 24.30251800500008], [90.52067579600003, 24.2898587520001], [90.57095297400008, 24.249953861000165], [90.58404790500009, 24.250055436000082], [90.61188717900012, 24.268408947000182], [90.63230764200011, 24.26987883800018], [90.65129715300003, 24.260889026000143], [90.64409314500011, 24.278921918000037], [90.6417536400001, 24.309155938000174], [90.62448555000003, 24.337031549000073], [90.64275943700011, 24.384941773000094], [90.64790300500005, 24.41584573900019], [90.63475480000011, 24.434000405000063], [90.58760711800016, 24.446313341000064], [90.57592460000006, 24.46660903800006], [90.58365178000008, 24.494430653000165], [90.616550126, 24.495956521000096], [90.63669799500002, 24.47691161000006], [90.67897267800015, 24.466901488000133], [90.68279839900003, 24.501358943000184], [90.70269025599998, 24.514945479000062], [90.7292938830002, 24.476481751999984], [90.74163021100003, 24.496927067000115], [90.75915621500013, 24.51042736000005], [90.79311299400013, 24.507742100000144], [90.80107972400009, 24.53666046400008], [90.8193766620002, 24.572198575000016], [90.82062797700007, 24.58595074900012], [90.79059169800007, 24.581681442000104], [90.79437089200013, 24.605020269000192], [90.75836795400016, 24.608531669000115], [90.75894904800009, 24.633304125000052], [90.74164882200006, 24.635617251000156], [90.73923988200005, 24.648839253000062], [90.7179041760001, 24.650267976000066], [90.69800153200003, 24.676592433000053], [90.70737772000007, 24.692171574999975], [90.69735480600013, 24.705735752000066], [90.71492382500014, 24.751232333000132], [90.69730640600005, 24.75491869800004], [90.6952628140001, 24.772222453000097], [90.70648325700006, 24.785018670000056], [90.7030993370002, 24.802455438000038], [90.64780867000019, 24.79146351600008], [90.62575363000019, 24.795605488000092], [90.60798344500006, 24.81369557400012], [90.58374077000019, 24.812726488000067], [90.58380316799997, 24.83175871500015], [90.566865367, 24.841758368], [90.56953233800016, 24.87452840400016], [90.56472080100019, 24.887375146000124], [90.54260807800017, 24.88514073300007], [90.53433403200017, 24.92777296700018], [90.54448660700007, 24.938471723000077], [90.51361766000008, 24.95193804400003], [90.51857305100003, 24.976033369], [90.50407020600005, 24.986850259000107], [90.49592637, 25.01163124800013], [90.51041803800001, 25.024812392000058], [90.54521308700015, 25.01566707500018], [90.54974838400011, 25.041914168000176], [90.58594466400007, 25.028599973000155], [90.61416434200015, 25.05563009400015], [90.60696044500014, 25.074836370000128], [90.59150953699998, 25.08282091500007], [90.60665696100011, 25.105293500000073], [90.60321462900004, 25.11751018400014], [90.61477381700001, 25.132232257000112], [90.618001328, 25.172808982]]]}, "properties": {"districtName": "Mymensingh", "division": "Mymensingh", "area": 4332.8}}, {"type": "Feature", "geometry": {"type": "Polygon", "coordinates": [[[90.9624543320001, 25.17202139400007], [90.927667789, 25.163848360000088], [90.882288727, 25.16717344900013], [90.84520572700006, 25.15928629100017], [90.80410295300004, 25.167295960000047], [90.79370525000013, 25.181382936000148], [90.76267202800011, 25.17769469200016], [90.7379447510001, 25.15635026200016], [90.70995661000012, 25.167772896000088], [90.6991476770001, 25.15660173300006], [90.68294395600009, 25.163754991000076], [90.66503834800005, 25.185193610000113], [90.64079808200006, 25.18365025200012], [90.618001328, 25.172808982], [90.61477381700001, 25.132232257000112], [90.60321462900004, 25.11751018400014], [90.60665696100011, 25.105293500000073], [90.59150953699998, 25.08282091500007], [90.60696044500014, 25.074836370000128], [90.61416434200015, 25.05563009400015], [90.58594466400007, 25.028599973000155], [90.54974838400011, 25.041914168000176], [90.54521308700015, 25.01566707500018], [90.51041803800001, 25.024812392000058], [90.49592637, 25.01163124800013], [90.50407020600005, 24.986850259000107], [90.51857305100003, 24.976033369], [90.51361766000008, 24.95193804400003], [90.54448660700007, 24.938471723000077], [90.53433403200017, 24.92777296700018], [90.54260807800017, 24.88514073300007], [90.56472080100019, 24.887375146000124], [90.56953233800016, 24.87452840400016], [90.566865367, 24.841758368], [90.58380316799997, 24.83175871500015], [90.58374077000019, 24.812726488000067], [90.60798344500006, 24.81369557400012], [90.62575363000019, 24.795605488000092], [90.64780867000019, 24.79146351600008], [90.7030993370002, 24.802455438000038], [90.70648325700006, 24.785018670000056], [90.6952628140001, 24.772222453000097], [90.69730640600005, 24.75491869800004], [90.71492382500014, 24.751232333000132], [90.69735480600013, 24.705735752000066], [90.70737772000007, 24.692171574999975], [90.69800153200003, 24.676592433000053], [90.7179041760001, 24.650267976000066], [90.73923988200005, 24.648839253000062], [90.74164882200006, 24.635617251000156], [90.75894904800009, 24.633304125000052], [90.75836795400016, 24.608531669000115], [90.79437089200013, 24.605020269000192], [90.79059169800007, 24.581681442000104], [90.82062797700007, 24.58595074900012], [90.83923019700018, 24.583092122000153], [90.85274462700016, 24.59862165000004], [90.88181276900008, 24.594343819000187], [90.908421986, 24.596058563000156], [90.91477776400012, 24.613740942000106], [90.9363350480001, 24.602882115], [90.96150257300019, 24.612461374000077], [90.97762170500016, 24.60147776800011], [91.01038688300008, 24.607458670000085], [91.03043923300015, 24.630969307000157], [91.04589164200013, 24.612824089000185], [91.07339006200004, 24.622069572000157], [91.09731087200004, 24.603061668000066], [91.12953670899998, 24.612603201000184], [91.12952280700011, 24.63235503600015], [91.17481309400011, 24.64446980500003], [91.19461677700008, 24.632192949000114], [91.21247551000005, 24.655213011000058], [91.23158251000018, 24.65857712200011], [91.24341259100015, 24.683102497000107], [91.21328709500017, 24.716223142000047], [91.19321565700017, 24.718090863000157], [91.14676157200012, 24.742736166000157], [91.14577685799998, 24.762399574000142], [91.16823801600003, 24.77620925800005], [91.17059068100008, 24.82880928100019], [91.15471264500013, 24.840288115000135], [91.14290132100018, 24.82458522600018], [91.15272271100014, 24.811734465000143], [91.14194046400019, 24.797940713000173], [91.1185190990002, 24.807769314000097], [91.11321944600019, 24.818824409000058], [91.11399228900012, 24.848663401000124], [91.10128278400003, 24.885846779000076], [91.07447344900004, 24.902921874000015], [91.0460553440002, 24.907787974000144], [91.03024307300007, 24.89008132100014], [90.99877389700009, 24.89400221000011], [90.99445484500012, 24.913433951], [90.96325552800016, 24.910508477000064], [90.95446627000018, 24.918204686000138], [90.95524970600019, 24.94185594300012], [90.97255472000006, 24.960293267999987], [90.94868765700016, 24.971092160000183], [90.93539821900015, 25.023303316000067], [90.95638155500012, 25.03675579600008], [90.92950706500017, 25.05235003900009], [90.93361544800018, 25.073604037000052], [90.97371732600016, 25.07233952300004], [90.96507298100016, 25.095741209000096], [90.9480429100002, 25.111649308000153], [90.95760208900003, 25.127733759000023], [90.94956542100016, 25.13852906799997], [90.96794442400017, 25.160791188000076], [90.9624543320001, 25.17202139400007]]]}, "properties": {"districtName": "Netrakona", "division": "Mymensingh", "area": 2800.1}}, {"type": "Feature", "geometry": {"type": "Polygon", "coordinates": [[[90.26650254200007, 25.197398154000098], [90.20015024000008, 25.21028032000015], [90.17300232200006, 25.222027620000063], [90.1090163180001, 25.226779402000147], [90.07489610700003, 25.2441611430001], [90.0570772530001, 25.260200998000016], [90.03687682900005, 25.261428057000046], [90.00680454300004, 25.28039570300018], [89.98283895700007, 25.28121441000019], [89.96791149400013, 25.304524943000047], [89.94738639500014, 25.295017907000158], [89.93172352500005, 25.289816072000065], [89.92793865900006, 25.263763787000016], [89.90254093700008, 25.26207468100006], [89.89957481700014, 25.225651532000086], [89.89034527200005, 25.214783161000128], [89.88678981800007, 25.182661326000016], [89.91079342400013, 25.17322024500004], [89.90070178900015, 25.157826394000097], [89.89551717000006, 25.11706132300003], [89.91631628300013, 25.088097872000162], [89.91412301900004, 25.070718058000068], [89.92572147100014, 25.059319695000113], [89.90800620100003, 25.04323951700013], [89.88752308400018, 25.03450849000012], [89.88340851600009, 25.01742830900008], [89.91056322100019, 24.981609104000142], [89.91102316200016, 24.961035083000183], [89.9423134480001, 24.95604275000005], [89.94480382500018, 24.933012912000038], [89.98420337600004, 24.916876504000186], [89.99910738300014, 24.920692450000104], [90.01577102300013, 24.90924969300005], [90.12438998000005, 24.904851410000163], [90.1484504020001, 24.907336016000045], [90.19297203100007, 24.886617561000094], [90.22216548000017, 24.883111193000047], [90.23492394300018, 24.888442632000192], [90.24737551100014, 24.926461718000155], [90.23227844300015, 24.941924708000045], [90.2539583900001, 24.95780890200018], [90.23049529000014, 24.966744941000115], [90.2431004990001, 25.01324387600016], [90.23329949100008, 25.04291963600008], [90.24911289400012, 25.053615996000076], [90.28162614700005, 25.05714319499998], [90.28888923000017, 25.07787285], [90.26689953100015, 25.10167418000009], [90.26982243400016, 25.15006825100005], [90.25978913100016, 25.162990373000014], [90.26650254200007, 25.197398154000098]]]}, "properties": {"districtName": "Sherpur", "division": "Mymensingh", "area": 1328.0}}, {"type": "Feature", "geometry": {"type": "Polygon", "coordinates": [[[89.64838320000013, 25.042848890000073], [89.63680353900008, 25.03674814600015], [89.61267061100011, 25.04954721000007], [89.55424530500017, 25.038945964999982], [89.51165204200004, 25.04402513300016], [89.48770596000003, 25.062202500000183], [89.46482003500017, 25.05470752100007], [89.45565629400016, 25.07409259600007], [89.43062664299998, 25.07150847500003], [89.41352070300007, 25.081576577000135], [89.39081814700012, 25.055088447000173], [89.36336830900018, 25.068063258000166], [89.3556909720001, 25.089690100000098], [89.33947970900016, 25.102333880000117], [89.33457894200012, 25.122296614], [89.30173035900015, 25.12045906800006], [89.28918803800002, 25.111506666000025], [89.28067370800005, 25.092020660000173], [89.24640115400013, 25.065711766000106], [89.24281538800011, 25.027799180000102], [89.22101473200019, 25.02215532800011], [89.18899078800013, 24.99328289100015], [89.17760376400014, 24.96937306100017], [89.17950531100018, 24.95161822100016], [89.1260645260001, 24.94955560200009], [89.11793359900014, 24.96751214000011], [89.09129852500007, 24.96253876500009], [89.09531161100011, 24.94192191700006], [89.0836482270002, 24.926903041000173], [89.09738153300015, 24.891639294000186], [89.0364951000002, 24.85673757400002], [88.99066403100005, 24.859578728000088], [88.97603709700019, 24.848284797000076], [88.9799218010001, 24.82404909700017], [88.97248837800015, 24.79070770800007], [88.97578433500007, 24.774775821000162], [88.96831363500013, 24.746791172000087], [88.99063938600005, 24.748173608000116], [88.99782686300011, 24.766603393000082], [89.01389787900001, 24.76590635200006], [89.02093838100012, 24.78184171200013], [89.05100613400003, 24.791926028000148], [89.06199492300004, 24.782935394], [89.08848449700014, 24.785020288000055], [89.08222686200008, 24.765821361], [89.10841363700007, 24.716753241000163], [89.11956186500004, 24.715884411000047], [89.13215610900005, 24.73600154000019], [89.14828270400005, 24.726512389000106], [89.12992522100006, 24.70114571700003], [89.13620674000009, 24.684969476000163], [89.16238042100008, 24.687323557000127], [89.16573437200003, 24.670553879000124], [89.14427778200019, 24.671697493000067], [89.13520669800016, 24.643826066000145], [89.14578607300018, 24.623559898], [89.1715113510001, 24.621640220000188], [89.17397759300002, 24.645985748000157], [89.20386108200017, 24.639793718000078], [89.20099041700007, 24.61362481200007], [89.23082685600008, 24.582406037000112], [89.25364302400016, 24.604877683000097], [89.25871681000001, 24.624739482999985], [89.284933621, 24.62534914200006], [89.30594603300005, 24.613544557000125], [89.30681539100004, 24.598074133000125], [89.32298156100006, 24.588125364], [89.33762351600018, 24.55924320200006], [89.39410844600013, 24.556882106000103], [89.42471869200011, 24.560594639000044], [89.43089648600005, 24.551392200000066], [89.47478665800014, 24.544443798000145], [89.48651437100011, 24.55690687599997], [89.52157602000011, 24.55183143199997], [89.56168631400004, 24.554477680000105], [89.57076450600016, 24.545422662000135], [89.59088835200004, 24.55328858300004], [89.60523706700002, 24.568833695000137], [89.6012780330002, 24.59443647000012], [89.582948842, 24.620934839000142], [89.55976609800018, 24.62764005500003], [89.54635393500007, 24.651993854000068], [89.56532069500014, 24.69847537400011], [89.59510905100012, 24.70210573200012], [89.60813652700011, 24.686629016000154], [89.62850697800008, 24.69014545000016], [89.6427926880001, 24.70143881900009], [89.64189091100019, 24.71515525799998], [89.6609942500001, 24.72770125600016], [89.65592457100013, 24.745743288000085], [89.66826719200009, 24.753919600000188], [89.68456517700002, 24.782443979000107], [89.72108423900005, 24.78008968300003], [89.72984313300003, 24.804885554], [89.70808036100004, 24.81683591100017], [89.68621303400005, 24.83818883200007], [89.66381531300004, 24.89354174800019], [89.67544607200006, 24.8979543640001], [89.68467628200011, 24.918258037000044], [89.67449056200019, 24.93026782400011], [89.67747455500012, 24.964836188], [89.66125664700007, 24.987993900000106], [89.66157323000004, 25.003214104], [89.64838320000013, 25.042848890000073]]]}, "properties": {"districtName": "Bogura", "division": "Rajshahi", "area": 2930.1}}, {"type": "Feature", "geometry": {"type": "Polygon", "coordinates": [[[89.20852984900006, 25.23253793600003], [89.177557144, 25.236391739000112], [89.15825675400004, 25.254249973000128], [89.14465078600011, 25.248374982000144], [89.1006464830001, 25.24240882500004], [89.07181203900018, 25.26946048000019], [89.04613115100017, 25.265553262000026], [89.03141002700005, 25.276638788000128], [89.00674910800018, 25.268572236000068], [88.98749178100013, 25.27408278900009], [88.97495532000016, 25.26024379400019], [88.95654514500018, 25.25475562500003], [88.94983673500008, 25.23608180100007], [88.95827026400019, 25.22838486500001], [88.9471329160001, 25.193376183999987], [88.92331146200013, 25.164889354000024], [88.92301291700005, 25.132070321000185], [88.94018758300018, 25.1181435580001], [88.94098892800014, 25.096793413000114], [88.93085667600002, 25.073116374000108], [88.94530286700012, 25.05249581100003], [88.98332115000011, 25.05433667900013], [89.01575657299998, 25.04697435300011], [89.01877404200019, 25.025913332000187], [89.00757653900013, 25.001019487000065], [89.00958443700017, 24.977978692000136], [88.99951587500004, 24.955064844000105], [89.0045314800002, 24.940455866000036], [88.99865276500003, 24.91067392399998], [89.00702375900005, 24.89655084900005], [88.98967055400016, 24.87909163000006], [88.99066403100005, 24.859578728000088], [89.0364951000002, 24.85673757400002], [89.09738153300015, 24.891639294000186], [89.0836482270002, 24.926903041000173], [89.09531161100011, 24.94192191700006], [89.09129852500007, 24.96253876500009], [89.11793359900014, 24.96751214000011], [89.1260645260001, 24.94955560200009], [89.17950531100018, 24.95161822100016], [89.17760376400014, 24.96937306100017], [89.18899078800013, 24.99328289100015], [89.22101473200019, 25.02215532800011], [89.24281538800011, 25.027799180000102], [89.24640115400013, 25.065711766000106], [89.28067370800005, 25.092020660000173], [89.25123312400007, 25.10159178900011], [89.24843469900009, 25.115051082000036], [89.2296757090001, 25.146520585000133], [89.20807860100018, 25.169797550000055], [89.19705634700017, 25.172505962000173], [89.19294083500017, 25.21465725200011], [89.20852984900006, 25.23253793600003]]]}, "properties": {"districtName": "Joypurhat", "division": "Rajshahi", "area": 965.9}}, {"type": "Feature", "geometry": {"type": "Polygon", "coordinates": [[[88.92331146200013, 25.164889354000024], [88.91071483200005, 25.18052491399999], [88.8752506400001, 25.17949883600005], [88.86469878900004, 25.20046428000012], [88.83135460000005, 25.20701514200016], [88.813845856, 25.175132096000027], [88.80112815300015, 25.171492266000143], [88.75789085100007, 25.185684519000176], [88.7345574520001, 25.184935978000112], [88.73318110200012, 25.199247150000133], [88.71481736000015, 25.207221920000052], [88.6801514300002, 25.209268655000187], [88.67198858500007, 25.198933769], [88.64294106000017, 25.206502913000122], [88.61357550300005, 25.20436594100005], [88.57963816000006, 25.177110081000023], [88.56388926700004, 25.175441190000015], [88.55983917900011, 25.19106043800008], [88.54052494300004, 25.189390366999987], [88.52607197300006, 25.20006146500009], [88.4747324440001, 25.21277476600011], [88.4632672830001, 25.195307256000092], [88.44280029200019, 25.185181887000113], [88.45922997000014, 25.16035096100012], [88.4578700040002, 25.135979336000048], [88.4413457920001, 25.127707583000188], [88.45127900300014, 25.07634959500018], [88.435360607, 25.05488584], [88.4519613870001, 25.039875472000062], [88.43650423800005, 25.008390121000105], [88.42196831700005, 25.00699283800003], [88.3953111890001, 24.96460844100011], [88.41989597000008, 24.969925326000123], [88.43439331100012, 24.964047172000107], [88.43233618200014, 24.933207420000144], [88.47237653800005, 24.94188487600013], [88.49365938300019, 24.92719672000004], [88.4844452640001, 24.90836785000016], [88.48959139400012, 24.88512252400011], [88.47091555300005, 24.862307531], [88.43690268600017, 24.846857243000102], [88.43250077800008, 24.839833161000172], [88.40368124600013, 24.847252372000185], [88.40026962900004, 24.83226612600015], [88.43181419800015, 24.816305163000152], [88.4409059370002, 24.805339537], [88.42212205500016, 24.78834844000005], [88.45349763200011, 24.78050226700003], [88.47284671300014, 24.764953870000113], [88.49172868000005, 24.76509555900003], [88.48357219500008, 24.744631760000118], [88.50459594000012, 24.733680441000047], [88.50355345700007, 24.719717347000085], [88.51727505300016, 24.708939289000057], [88.5725608940001, 24.69736457100015], [88.61806064500007, 24.701826754000137], [88.62301166399999, 24.693684547000146], [88.63026854300011, 24.626212493000025], [88.63840654900002, 24.621328990000166], [88.66912729100011, 24.636437884000088], [88.70115425000017, 24.64228217800013], [88.70145251800011, 24.667002433000107], [88.73420352100004, 24.66708577500009], [88.74161298200016, 24.68804357400012], [88.76734901700019, 24.670704640999986], [88.80126459000019, 24.68803510500004], [88.8132116540001, 24.673069711000096], [88.81121536100005, 24.656316020000077], [88.86170440400019, 24.65596932300008], [88.87512474800019, 24.636833239], [88.90990565200008, 24.64316260100003], [88.92459973600012, 24.61807336300018], [88.93388290200016, 24.588212220000116], [88.96309838800016, 24.583539707000114], [88.97212482100014, 24.58558832600005], [89.02955497900018, 24.55795394600011], [89.05505318900015, 24.535042203000046], [89.08181103500004, 24.534351161000075], [89.09807302100018, 24.547111036000047], [89.10666488400005, 24.57140297100011], [89.09643045400003, 24.594193749000056], [89.10086104100009, 24.639434274000052], [89.13017324300012, 24.65703581000014], [89.13620674000009, 24.684969476000163], [89.12992522100006, 24.70114571700003], [89.14828270400005, 24.726512389000106], [89.13215610900005, 24.73600154000019], [89.11956186500004, 24.715884411000047], [89.10841363700007, 24.716753241000163], [89.08222686200008, 24.765821361], [89.08848449700014, 24.785020288000055], [89.06199492300004, 24.782935394], [89.05100613400003, 24.791926028000148], [89.02093838100012, 24.78184171200013], [89.01389787900001, 24.76590635200006], [88.99782686300011, 24.766603393000082], [88.99063938600005, 24.748173608000116], [88.96831363500013, 24.746791172000087], [88.97578433500007, 24.774775821000162], [88.97248837800015, 24.79070770800007], [88.9799218010001, 24.82404909700017], [88.97603709700019, 24.848284797000076], [88.99066403100005, 24.859578728000088], [88.98967055400016, 24.87909163000006], [89.00702375900005, 24.89655084900005], [88.99865276500003, 24.91067392399998], [89.0045314800002, 24.940455866000036], [88.99951587500004, 24.955064844000105], [89.00958443700017, 24.977978692000136], [89.00757653900013, 25.001019487000065], [89.01877404200019, 25.025913332000187], [89.01575657299998, 25.04697435300011], [88.98332115000011, 25.05433667900013], [88.94530286700012, 25.05249581100003], [88.93085667600002, 25.073116374000108], [88.94098892800014, 25.096793413000114], [88.94018758300018, 25.1181435580001], [88.92301291700005, 25.132070321000185], [88.92331146200013, 25.164889354000024]]]}, "properties": {"districtName": "Naogaon", "division": "Rajshahi", "area": 3438.8}}, {"type": "Feature", "geometry": {"type": "Polygon", "coordinates": [[[89.33762351600018, 24.55924320200006], [89.32298156100006, 24.588125364], [89.30681539100004, 24.598074133000125], [89.30594603300005, 24.613544557000125], [89.284933621, 24.62534914200006], [89.25871681000001, 24.624739482999985], [89.25364302400016, 24.604877683000097], [89.23082685600008, 24.582406037000112], [89.20099041700007, 24.61362481200007], [89.20386108200017, 24.639793718000078], [89.17397759300002, 24.645985748000157], [89.1715113510001, 24.621640220000188], [89.14578607300018, 24.623559898], [89.13520669800016, 24.643826066000145], [89.14427778200019, 24.671697493000067], [89.16573437200003, 24.670553879000124], [89.16238042100008, 24.687323557000127], [89.13620674000009, 24.684969476000163], [89.13017324300012, 24.65703581000014], [89.10086104100009, 24.639434274000052], [89.09643045400003, 24.594193749000056], [89.10666488400005, 24.57140297100011], [89.09807302100018, 24.547111036000047], [89.08181103500004, 24.534351161000075], [89.05505318900015, 24.535042203000046], [89.02955497900018, 24.55795394600011], [88.97212482100014, 24.58558832600005], [88.96309838800016, 24.583539707000114], [88.96321217800016, 24.551953796000134], [88.93859438400006, 24.539643056000102], [88.92199186300013, 24.548205517999975], [88.89726934500004, 24.538420470000062], [88.90617818800007, 24.49789983200003], [88.89538961400018, 24.48568416800009], [88.89201646700008, 24.456183541000144], [88.90138846200006, 24.422079892000056], [88.89019065000008, 24.385225230000174], [88.89337105600015, 24.364138382000192], [88.86174577400004, 24.364135299000168], [88.84587713400015, 24.319373881000104], [88.87229676000015, 24.312686415000144], [88.88008238700013, 24.292729569000016], [88.9041812980002, 24.29214287800005], [88.90187820400007, 24.27352270100016], [88.91687402700012, 24.259361465000154], [88.91724261800016, 24.244914627000128], [88.90044250300019, 24.23427315700019], [88.87130786400019, 24.22679006400017], [88.8762377380001, 24.203662343000133], [88.86969194699998, 24.175527856000087], [88.89508677100008, 24.16438012700013], [88.8833025130001, 24.132911710000087], [88.86166908700017, 24.11703583900004], [88.88048076200016, 24.106267587000104], [88.92066752200003, 24.12092457], [88.93670249800005, 24.131227704000025], [88.95458277100016, 24.123190210000075], [89.0050426470001, 24.116556292000098], [89.01268334999997, 24.160365527000124], [89.02467297200013, 24.169372268000075], [89.05932082600003, 24.15053298400005], [89.09900317100005, 24.15781780499998], [89.13375452200006, 24.170270783000092], [89.15531906600017, 24.16744772400017], [89.17933814000008, 24.197083566000174], [89.21813873500014, 24.211185589000024], [89.23336737300002, 24.24239308099999], [89.24284069600003, 24.27552641800014], [89.25598780900009, 24.27343958700004], [89.26963133800018, 24.296508878000168], [89.28956312700006, 24.303306860000077], [89.30071317200009, 24.327541426000096], [89.32045976300014, 24.350808396], [89.28692066100012, 24.381283265000036], [89.28494420800007, 24.425130158], [89.24842748700019, 24.435569451], [89.2748797070002, 24.453463088000035], [89.28080552000011, 24.481912776000115], [89.31594787000012, 24.52007956900013], [89.33762351600018, 24.55924320200006]]]}, "properties": {"districtName": "Natore", "division": "Rajshahi", "area": 1905.0}}, {"type": "Feature", "geometry": {"type": "Polygon", "coordinates": [[[88.50355345700007, 24.719717347000085], [88.50459594000012, 24.733680441000047], [88.48357219500008, 24.744631760000118], [88.49172868000005, 24.76509555900003], [88.47284671300014, 24.764953870000113], [88.45349763200011, 24.78050226700003], [88.42212205500016, 24.78834844000005], [88.4409059370002, 24.805339537], [88.43181419800015, 24.816305163000152], [88.40026962900004, 24.83226612600015], [88.40368124600013, 24.847252372000185], [88.43250077800008, 24.839833161000172], [88.43690268600017, 24.846857243000102], [88.47091555300005, 24.862307531], [88.48959139400012, 24.88512252400011], [88.4844452640001, 24.90836785000016], [88.49365938300019, 24.92719672000004], [88.47237653800005, 24.94188487600013], [88.43233618200014, 24.933207420000144], [88.43439331100012, 24.964047172000107], [88.41989597000008, 24.969925326000123], [88.3953111890001, 24.96460844100011], [88.40094924600004, 24.94866092700005], [88.38541771000018, 24.938803182000072], [88.34026682100011, 24.94102018000018], [88.3243437930002, 24.916762469000105], [88.32809239500017, 24.90457291700011], [88.346456064, 24.894096618000106], [88.33285571300013, 24.87093323100015], [88.29653924300015, 24.88823293700017], [88.26789190500006, 24.88911972700015], [88.26158515600008, 24.917366551000157], [88.22574718300018, 24.960598699000172], [88.17018861300011, 24.950541486000134], [88.13876999000013, 24.920763497], [88.1661593390001, 24.895578006999983], [88.15252586300005, 24.88497772400018], [88.166980159, 24.863127087000123], [88.11432132000016, 24.81646414000005], [88.10485909600004, 24.799671856000145], [88.10578554600016, 24.78059813500016], [88.08836493300004, 24.782773605000045], [88.06619164800009, 24.750276794], [88.06214297500003, 24.721059417000106], [88.04160268100014, 24.704896510000083], [88.00816912400006, 24.6678030490001], [88.04001829300017, 24.643643274000112], [88.10102453200005, 24.550933830000133], [88.14854764200015, 24.504240386000106], [88.16648699800015, 24.49819803400004], [88.20375274400016, 24.459258007000187], [88.26388899300014, 24.445828141000106], [88.29178408600012, 24.416130831000146], [88.33239117900007, 24.447423127000093], [88.31876707300006, 24.460217824999972], [88.30550878900016, 24.494010178999986], [88.31296082500018, 24.517221682000013], [88.30196011400005, 24.561710716000107], [88.34394642500013, 24.586495738], [88.35935308100017, 24.60226903500012], [88.38751740300006, 24.598621025000057], [88.42358517600013, 24.616937500000063], [88.44088238500018, 24.66866846700009], [88.48979099200011, 24.6914686290001], [88.48925659000014, 24.709885481000185], [88.50355345700007, 24.719717347000085]]]}, "properties": {"districtName": "Chapainababganj", "division": "Rajshahi", "area": 1689.4}}, {"type": "Feature", "geometry": {"type": "Polygon", "coordinates": [[[89.72203321200016, 24.011584794000044], [89.70690858199998, 24.019573168000022], [89.69333023200005, 24.039775905000113], [89.6568332700001, 24.07575656600011], [89.62952663200008, 24.083286489000045], [89.61359455400009, 24.09860547400001], [89.57835432100012, 24.113034200000186], [89.5590631730002, 24.11304974100011], [89.52794928500009, 24.14704426300017], [89.53767984000007, 24.17064099600009], [89.52221035500008, 24.1749504980001], [89.52361602500002, 24.196357416000126], [89.50472397800019, 24.213512168000022], [89.48991141200008, 24.20172667000014], [89.46788772100012, 24.20930345100004], [89.47832279500005, 24.229247705000034], [89.45333130800003, 24.228509732000134], [89.46354485900014, 24.253132715000106], [89.44803950800019, 24.269989106000082], [89.4391284460001, 24.254160072000104], [89.42096683200003, 24.285404798000172], [89.42666533000005, 24.307902453999986], [89.403152885, 24.33424282100009], [89.3667831950001, 24.353879770000106], [89.35069356000014, 24.348521542000128], [89.32045976300014, 24.350808396], [89.30071317200009, 24.327541426000096], [89.28956312700006, 24.303306860000077], [89.26963133800018, 24.296508878000168], [89.25598780900009, 24.27343958700004], [89.24284069600003, 24.27552641800014], [89.23336737300002, 24.24239308099999], [89.21813873500014, 24.211185589000024], [89.17933814000008, 24.197083566000174], [89.15531906600017, 24.16744772400017], [89.13375452200006, 24.170270783000092], [89.09900317100005, 24.15781780499998], [89.05932082600003, 24.15053298400005], [89.02467297200013, 24.169372268000075], [89.01268334999997, 24.160365527000124], [89.0050426470001, 24.116556292000098], [89.02238405300017, 24.09542215400006], [89.02630923100003, 24.07697817600007], [89.0478872610002, 24.016869680000127], [89.07073039700003, 23.979025065000144], [89.09435041400008, 23.96394699000018], [89.14512162600016, 23.96407545600016], [89.16567703500016, 23.953902334000077], [89.17511185300009, 23.964226874000076], [89.17588551600005, 23.987185625000166], [89.21326473000005, 23.989624718000073], [89.21210990000003, 23.974645010000188], [89.23340671000017, 23.97383337100007], [89.23248528700009, 23.944712439000057], [89.24258037800018, 23.938546331000055], [89.25345943200006, 23.90618651799997], [89.3025479760002, 23.89041020400009], [89.3091066070001, 23.87897820800015], [89.34573846800015, 23.893493967999973], [89.35848383200005, 23.886730688000114], [89.36756918900011, 23.908713833000093], [89.39043572500009, 23.905212564000067], [89.40752486800017, 23.88482765200007], [89.43566849200016, 23.86868010600017], [89.46554964600006, 23.84509303500016], [89.52729455600019, 23.81543609700003], [89.63364320700009, 23.809218905000023], [89.64916602600005, 23.81692377200011], [89.6652242770001, 23.80925640600003], [89.70415803000014, 23.814019179000013], [89.73532872200013, 23.835916764000046], [89.70370507800016, 23.87657608000012], [89.70623317400009, 23.89245075399998], [89.68714540299999, 23.94028203300013], [89.69740817600012, 23.943302774000017], [89.69691248300006, 23.98054673100006], [89.70727263000009, 23.999828628000046], [89.72203321200016, 24.011584794000044]]]}, "properties": {"districtName": "Pabna", "division": "Rajshahi", "area": 2391.8}}, {"type": "Feature", "geometry": {"type": "Polygon", "coordinates": [[[88.96309838800016, 24.583539707000114], [88.93388290200016, 24.588212220000116], [88.92459973600012, 24.61807336300018], [88.90990565200008, 24.64316260100003], [88.87512474800019, 24.636833239], [88.86170440400019, 24.65596932300008], [88.81121536100005, 24.656316020000077], [88.8132116540001, 24.673069711000096], [88.80126459000019, 24.68803510500004], [88.76734901700019, 24.670704640999986], [88.74161298200016, 24.68804357400012], [88.73420352100004, 24.66708577500009], [88.70145251800011, 24.667002433000107], [88.70115425000017, 24.64228217800013], [88.66912729100011, 24.636437884000088], [88.63840654900002, 24.621328990000166], [88.63026854300011, 24.626212493000025], [88.62301166399999, 24.693684547000146], [88.61806064500007, 24.701826754000137], [88.5725608940001, 24.69736457100015], [88.51727505300016, 24.708939289000057], [88.50355345700007, 24.719717347000085], [88.48925659000014, 24.709885481000185], [88.48979099200011, 24.6914686290001], [88.44088238500018, 24.66866846700009], [88.42358517600013, 24.616937500000063], [88.38751740300006, 24.598621025000057], [88.35935308100017, 24.60226903500012], [88.34394642500013, 24.586495738], [88.30196011400005, 24.561710716000107], [88.31296082500018, 24.517221682000013], [88.30550878900016, 24.494010178999986], [88.31876707300006, 24.460217824999972], [88.33239117900007, 24.447423127000093], [88.29178408600012, 24.416130831000146], [88.32843133000006, 24.384454573000085], [88.35717061700007, 24.37338971100013], [88.39086364200011, 24.371539025000118], [88.42953719500014, 24.38323398100016], [88.44686035500013, 24.37785709200017], [88.50827292700012, 24.342691215000116], [88.52752100200013, 24.34400576700017], [88.55578388800006, 24.294422874000077], [88.56777116300003, 24.32648465700015], [88.58841167800017, 24.31405624500013], [88.62387447800018, 24.315524149999987], [88.62869336000011, 24.305221404], [88.65931407700015, 24.3143015980001], [88.69664501500017, 24.31542811100013], [88.72423767600014, 24.298213428000167], [88.74096480500009, 24.252509618000147], [88.73478258900019, 24.219466142999977], [88.78233196100012, 24.160778604000086], [88.7749461630001, 24.153704857000037], [88.80189384900007, 24.13147731099997], [88.8211882870001, 24.125581337000142], [88.84468147800015, 24.131313848000048], [88.86166908700017, 24.11703583900004], [88.8833025130001, 24.132911710000087], [88.89508677100008, 24.16438012700013], [88.86969194699998, 24.175527856000087], [88.8762377380001, 24.203662343000133], [88.87130786400019, 24.22679006400017], [88.90044250300019, 24.23427315700019], [88.91724261800016, 24.244914627000128], [88.91687402700012, 24.259361465000154], [88.90187820400007, 24.27352270100016], [88.9041812980002, 24.29214287800005], [88.88008238700013, 24.292729569000016], [88.87229676000015, 24.312686415000144], [88.84587713400015, 24.319373881000104], [88.86174577400004, 24.364135299000168], [88.89337105600015, 24.364138382000192], [88.89019065000008, 24.385225230000174], [88.90138846200006, 24.422079892000056], [88.89201646700008, 24.456183541000144], [88.89538961400018, 24.48568416800009], [88.90617818800007, 24.49789983200003], [88.89726934500004, 24.538420470000062], [88.92199186300013, 24.548205517999975], [88.93859438400006, 24.539643056000102], [88.96321217800016, 24.551953796000134], [88.96309838800016, 24.583539707000114]]]}, "properties": {"districtName": "Rajshahi", "division": "Rajshahi", "area": 2422.6}}, {"type": "Feature", "geometry": {"type": "Polygon", "coordinates": [[[89.72108423900005, 24.78008968300003], [89.68456517700002, 24.782443979000107], [89.66826719200009, 24.753919600000188], [89.65592457100013, 24.745743288000085], [89.6609942500001, 24.72770125600016], [89.64189091100019, 24.71515525799998], [89.6427926880001, 24.70143881900009], [89.62850697800008, 24.69014545000016], [89.60813652700011, 24.686629016000154], [89.59510905100012, 24.70210573200012], [89.56532069500014, 24.69847537400011], [89.54635393500007, 24.651993854000068], [89.55976609800018, 24.62764005500003], [89.582948842, 24.620934839000142], [89.6012780330002, 24.59443647000012], [89.60523706700002, 24.568833695000137], [89.59088835200004, 24.55328858300004], [89.57076450600016, 24.545422662000135], [89.56168631400004, 24.554477680000105], [89.52157602000011, 24.55183143199997], [89.48651437100011, 24.55690687599997], [89.47478665800014, 24.544443798000145], [89.43089648600005, 24.551392200000066], [89.42471869200011, 24.560594639000044], [89.39410844600013, 24.556882106000103], [89.33762351600018, 24.55924320200006], [89.31594787000012, 24.52007956900013], [89.28080552000011, 24.481912776000115], [89.2748797070002, 24.453463088000035], [89.24842748700019, 24.435569451], [89.28494420800007, 24.425130158], [89.28692066100012, 24.381283265000036], [89.32045976300014, 24.350808396], [89.35069356000014, 24.348521542000128], [89.3667831950001, 24.353879770000106], [89.403152885, 24.33424282100009], [89.42666533000005, 24.307902453999986], [89.42096683200003, 24.285404798000172], [89.4391284460001, 24.254160072000104], [89.44803950800019, 24.269989106000082], [89.46354485900014, 24.253132715000106], [89.45333130800003, 24.228509732000134], [89.47832279500005, 24.229247705000034], [89.46788772100012, 24.20930345100004], [89.48991141200008, 24.20172667000014], [89.50472397800019, 24.213512168000022], [89.52361602500002, 24.196357416000126], [89.52221035500008, 24.1749504980001], [89.53767984000007, 24.17064099600009], [89.52794928500009, 24.14704426300017], [89.5590631730002, 24.11304974100011], [89.57835432100012, 24.113034200000186], [89.61359455400009, 24.09860547400001], [89.62952663200008, 24.083286489000045], [89.6568332700001, 24.07575656600011], [89.69333023200005, 24.039775905000113], [89.70690858199998, 24.019573168000022], [89.72203321200016, 24.011584794000044], [89.73788037800006, 24.021073947000104], [89.76540249400011, 24.02400209000018], [89.78648474900018, 24.034895028000108], [89.81795024100006, 24.06506571000017], [89.82560743300013, 24.09397530100017], [89.81912278300007, 24.10966336600012], [89.82323197600016, 24.141194763000044], [89.80499363300004, 24.161104568999974], [89.78944047800007, 24.220909134000124], [89.78645230000006, 24.24971695199997], [89.79274581300007, 24.27482349900015], [89.7783354660001, 24.30068148700019], [89.7724212940002, 24.334208056000136], [89.75345095500006, 24.34990509200003], [89.76800396300018, 24.37988183900012], [89.7509108700001, 24.427741066000067], [89.74501728900003, 24.470430085000146], [89.75924485200011, 24.498657802000082], [89.74973337000006, 24.51178561900008], [89.74869665400007, 24.53888323400014], [89.77042824600011, 24.541128364000087], [89.76864853500001, 24.557459270000038], [89.78916288300007, 24.57469137200013], [89.76723076200005, 24.615127571000187], [89.788005053, 24.6282584760001], [89.78758416300019, 24.66698937000018], [89.79497876200014, 24.70494295800006], [89.78109677100008, 24.712566170000173], [89.79115065700006, 24.74174058], [89.77446755, 24.77459725600005], [89.73909145100015, 24.767429902000174], [89.72108423900005, 24.78008968300003]]]}, "properties": {"districtName": "Sirajganj", "division": "Rajshahi", "area": 2511.9}}, {"type": "Feature", "geometry": {"type": "Polygon", "coordinates": [[[88.62479981000018, 26.057155054000134], [88.60881271000005, 26.054636526000138], [88.60623784100011, 26.034797150000145], [88.5878882510001, 26.021205413000075], [88.56376104600014, 26.02617910300006], [88.54380879400009, 26.017664530000104], [88.54291023700006, 26.00154719500017], [88.52859215500001, 25.990399301000082], [88.53775349000017, 25.963238742000158], [88.51155576200006, 25.942900152000107], [88.50035511400006, 25.906286600000044], [88.48018033900013, 25.90435192000001], [88.48544829200017, 25.869970395000053], [88.48037447400009, 25.864247740000053], [88.44425710299998, 25.862628248000135], [88.4437475470001, 25.871541787000012], [88.40820822500018, 25.86947318800003], [88.3969166460002, 25.84186815700008], [88.38604124200003, 25.83902727400016], [88.39032881200006, 25.813564408000104], [88.38363035600008, 25.78785545000011], [88.39257531000015, 25.74288571200009], [88.41330092800007, 25.731942318], [88.435956256, 25.70998127600018], [88.42861343400017, 25.66930169300008], [88.45412844300017, 25.663943508000045], [88.45358520700017, 25.627048404000163], [88.44799457500017, 25.601184120000084], [88.46857418400003, 25.584059979000187], [88.49984579300008, 25.58400711800016], [88.49368323800007, 25.559169796000162], [88.54034146600009, 25.52981212800006], [88.53730697500009, 25.52102413], [88.57229203700018, 25.509164663000092], [88.59818075800018, 25.50654565000002], [88.6236148970001, 25.496863986000108], [88.64486253100006, 25.498283049], [88.64643875500008, 25.477971302000128], [88.6633078640001, 25.473611491999975], [88.70710965100005, 25.47697228600009], [88.71324681100015, 25.49890814800017], [88.74212724900019, 25.504294050000112], [88.76473385700018, 25.49449551700019], [88.77655850700012, 25.516298511000116], [88.81040492400007, 25.52304884600005], [88.81299998100013, 25.489905473000192], [88.82951781900005, 25.490142063], [88.83827200899998, 25.45439905300009], [88.8258887720001, 25.443530803000044], [88.83461858800013, 25.427537080000036], [88.8206485890002, 25.415892859000166], [88.82466915700019, 25.40084147800013], [88.84178784400018, 25.393268441000146], [88.8384472090001, 25.36859622300011], [88.87627918600015, 25.336911781000083], [88.90674167400016, 25.337894988000187], [88.91637794700011, 25.312312914000017], [88.9446266720002, 25.301260035999974], [88.98454244200008, 25.30543893400005], [89.00868588500009, 25.298164891000113], [89.00674910800018, 25.268572236000068], [89.03141002700005, 25.276638788000128], [89.04613115100017, 25.265553262000026], [89.07181203900018, 25.26946048000019], [89.1006464830001, 25.24240882500004], [89.14465078600011, 25.248374982000144], [89.15825675400004, 25.254249973000128], [89.177557144, 25.236391739000112], [89.20852984900006, 25.23253793600003], [89.24378510500014, 25.223528874000124], [89.27786207100007, 25.231290164000143], [89.28542396400019, 25.256993426], [89.2626552070002, 25.282519869999987], [89.26872699500007, 25.299937869000075], [89.28358295500016, 25.301155700000038], [89.26507668500017, 25.314352309000128], [89.24102106400011, 25.31827143200013], [89.23204846500016, 25.338155396000047], [89.24022417200007, 25.352966624000032], [89.20644674100015, 25.388665001999982], [89.15727936700006, 25.4038779710001], [89.15089624300003, 25.427055273], [89.1311092730001, 25.440409956], [89.12305190900014, 25.460376508000024], [89.10380087100015, 25.47790703400011], [89.10391793300005, 25.535695767999982], [89.09283042200008, 25.54684694700012], [89.10488867100008, 25.56494784000006], [89.03998978700008, 25.60093592400017], [89.01230065900006, 25.602757316000066], [88.99873548300013, 25.633749983000143], [88.99760462400008, 25.65363970600015], [88.96159575100012, 25.683657330000074], [88.93705250600004, 25.686509197000078], [88.92784695300014, 25.723772072000088], [88.94117316800009, 25.736068841000133], [88.89254689300009, 25.738189197000054], [88.88327400800017, 25.772406981000074], [88.8518059220001, 25.77852331300005], [88.84220698500013, 25.81230379500016], [88.82817637400018, 25.812568167], [88.81992210900017, 25.84391870600001], [88.8243740050001, 25.858715724000092], [88.80233038700015, 25.89903484600012], [88.79851554400005, 25.92819043500009], [88.7753731150001, 25.93993270800007], [88.75506552900009, 25.94073919100009], [88.74367875200005, 25.967920698000114], [88.74614220600012, 25.9852994420001], [88.73579223700006, 26.01615879100018], [88.71894831300011, 26.007835080000063], [88.69968028900013, 26.016325112000175], [88.66856982900015, 26.01394959900017], [88.64290434300005, 26.045341391000136], [88.62479981000018, 26.057155054000134]]]}, "properties": {"districtName": "Dinajpur", "division": "Rangpur", "area": 3460.1}}, {"type": "Feature", "geometry": {"type": "Polygon", "coordinates": [[[89.74070027500005, 25.375283266000167], [89.73754490800019, 25.398421246000055], [89.70156981400004, 25.39020929600008], [89.69496617700014, 25.430810432000158], [89.70410675700009, 25.45402841700019], [89.70179028200016, 25.466578319000064], [89.68246448000002, 25.471314880000023], [89.69118803000009, 25.488455173999967], [89.6804415470001, 25.506492949000062], [89.69384121700017, 25.527167247000023], [89.66364848000018, 25.531467224000096], [89.61593469900004, 25.565694379000092], [89.59538834000006, 25.555827645000136], [89.58051549400011, 25.564540621], [89.56909715200004, 25.582748515], [89.5398755560002, 25.589147722000064], [89.55043400300013, 25.605398775000026], [89.55069486700006, 25.631187449000038], [89.53174213900007, 25.643612264000183], [89.52102491800014, 25.62350924700013], [89.48965749200005, 25.603863856000146], [89.49403138100018, 25.58079237600009], [89.46381056800004, 25.597729160000085], [89.44351851200008, 25.584451347000027], [89.41476383000014, 25.589883609000083], [89.40331448800015, 25.545556057000056], [89.41674583600019, 25.534349585000086], [89.44081683700006, 25.52772048100013], [89.44080683200008, 25.501172061000148], [89.42137098200004, 25.46468421100002], [89.39862795000016, 25.46422255800013], [89.37624279600004, 25.407299711000064], [89.34234333500012, 25.36525843400011], [89.33543620800003, 25.327489864000086], [89.342152871, 25.30473423], [89.28358295500016, 25.301155700000038], [89.26872699500007, 25.299937869000075], [89.2626552070002, 25.282519869999987], [89.28542396400019, 25.256993426], [89.27786207100007, 25.231290164000143], [89.24378510500014, 25.223528874000124], [89.20852984900006, 25.23253793600003], [89.19294083500017, 25.21465725200011], [89.19705634700017, 25.172505962000173], [89.20807860100018, 25.169797550000055], [89.2296757090001, 25.146520585000133], [89.24843469900009, 25.115051082000036], [89.25123312400007, 25.10159178900011], [89.28067370800005, 25.092020660000173], [89.28918803800002, 25.111506666000025], [89.30173035900015, 25.12045906800006], [89.33457894200012, 25.122296614], [89.33947970900016, 25.102333880000117], [89.3556909720001, 25.089690100000098], [89.36336830900018, 25.068063258000166], [89.39081814700012, 25.055088447000173], [89.41352070300007, 25.081576577000135], [89.43062664299998, 25.07150847500003], [89.45565629400016, 25.07409259600007], [89.46482003500017, 25.05470752100007], [89.48770596000003, 25.062202500000183], [89.51165204200004, 25.04402513300016], [89.55424530500017, 25.038945964999982], [89.61267061100011, 25.04954721000007], [89.63680353900008, 25.03674814600015], [89.64838320000013, 25.042848890000073], [89.65550063000018, 25.04666114600019], [89.65343185400002, 25.07817371700014], [89.63911071400014, 25.090092940000034], [89.65290235200013, 25.14473041300016], [89.67423238200013, 25.17288046200008], [89.67594962400011, 25.183384773000114], [89.70104409700014, 25.232093115000055], [89.7354067010001, 25.233711070000084], [89.75162645500006, 25.251732977000074], [89.7564397880002, 25.28143172800003], [89.7193692130001, 25.35613810100017], [89.74070027500005, 25.375283266000167]]]}, "properties": {"districtName": "Gaibandha", "division": "Rangpur", "area": 2150.5}}, {"type": "Feature", "geometry": {"type": "Polygon", "coordinates": [[[89.82566675100009, 25.41529727600016], [89.83258180000018, 25.438784397000063], [89.85182349300015, 25.46665293200016], [89.84946432300018, 25.493872930000066], [89.86005156599998, 25.51761093900012], [89.85128797900012, 25.5385371000001], [89.8633568210002, 25.54261931200017], [89.87563463200007, 25.5807114160001], [89.88237290600017, 25.61657198], [89.87128882200005, 25.66218368700015], [89.8470336800001, 25.695527023000125], [89.84946796500014, 25.71490161000014], [89.8340366860001, 25.7169776020001], [89.82706672400019, 25.740122862000078], [89.84117800600018, 25.75927607800014], [89.82578498200019, 25.811140925000018], [89.8172810440002, 25.817485393000084], [89.83475990000011, 25.840359115000126], [89.8321731650002, 25.87043739100011], [89.86060780100013, 25.907000538000148], [89.87844911800005, 25.92417576300005], [89.88667614800005, 25.945425339000053], [89.84835831400005, 25.94278290600016], [89.84682118500018, 25.956536089000053], [89.86619500400008, 25.982942864000165], [89.85084515500006, 25.989833442000077], [89.84333757200017, 26.007266647], [89.82140834400008, 26.008690511000054], [89.81121679400007, 26.041480567000065], [89.7812153210001, 26.04146307700006], [89.7967103900001, 26.075405982000177], [89.78154392500011, 26.084251010000173], [89.78494409400014, 26.10471516700005], [89.75594658300014, 26.11345939900002], [89.76304657000009, 26.137036387000023], [89.74335572500019, 26.15871664100007], [89.70793081600004, 26.15398506100007], [89.67303304100011, 26.203956633000132], [89.68874420100013, 26.222531334000166], [89.65574119100006, 26.219002315000125], [89.634187779, 26.228685116000065], [89.63910880800012, 26.199570704000053], [89.65536311200015, 26.181235486000162], [89.61205382800017, 26.17779562900006], [89.5978141270001, 26.132220626000105], [89.62913981200006, 26.106981145000134], [89.63651068400009, 26.07401239800015], [89.62112269300007, 26.05376670600009], [89.58928517800013, 26.038302536000117], [89.57756148200014, 26.02496991400011], [89.58575395700007, 25.97848383600018], [89.57804154100018, 25.969018701000095], [89.54995941800018, 25.965884326000037], [89.5398294200001, 26.00566893000007], [89.49199766100014, 26.006217635000098], [89.47539347700013, 25.981058223000105], [89.48401944400001, 25.96176348900002], [89.50346531800017, 25.969439003000048], [89.51751761400004, 25.916211102000034], [89.55783634300013, 25.87684324999998], [89.55238902000013, 25.86024096799997], [89.53416542600007, 25.865240351000182], [89.53393042300007, 25.82334100900016], [89.51977209500012, 25.81115873900012], [89.48829402500013, 25.818925394000132], [89.48454850400009, 25.836032749000083], [89.456808341, 25.827479769000092], [89.45811096000006, 25.791051009000114], [89.47968197400013, 25.764708725000105], [89.49815345600013, 25.75192396900013], [89.4921718120001, 25.71699562700013], [89.50707515000005, 25.720726516000184], [89.51977524600011, 25.683815768000045], [89.51422904100014, 25.667861610000045], [89.53174213900007, 25.643612264000183], [89.55069486700006, 25.631187449000038], [89.55043400300013, 25.605398775000026], [89.5398755560002, 25.589147722000064], [89.56909715200004, 25.582748515], [89.58051549400011, 25.564540621], [89.59538834000006, 25.555827645000136], [89.61593469900004, 25.565694379000092], [89.66364848000018, 25.531467224000096], [89.69384121700017, 25.527167247000023], [89.6804415470001, 25.506492949000062], [89.69118803000009, 25.488455173999967], [89.68246448000002, 25.471314880000023], [89.70179028200016, 25.466578319000064], [89.70410675700009, 25.45402841700019], [89.69496617700014, 25.430810432000158], [89.70156981400004, 25.39020929600008], [89.73754490800019, 25.398421246000055], [89.74070027500005, 25.375283266000167], [89.77691700600019, 25.38758173000008], [89.78024083300011, 25.408828874], [89.76671050000016, 25.435092817000168], [89.82566675100009, 25.41529727600016]]]}, "properties": {"districtName": "Kurigram", "division": "Rangpur", "area": 2267.6}}, {"type": "Feature", "geometry": {"type": "MultiPolygon", "coordinates": [[[[89.47539347700013, 25.981058223000105], [89.46166392000003, 25.998665231000132], [89.42875678900003, 26.01279218900015], [89.43421689000013, 26.031710271000122], [89.42566953900018, 26.045577515000105], [89.40829518100003, 26.041870756000094], [89.39131481900017, 26.02316556599999], [89.39051674300003, 26.00867659000005], [89.35713298900009, 26.008624568000187], [89.3387026040001, 26.01810591800006], [89.32529859400017, 26.03669202499998], [89.29790863200003, 26.04936293800006], [89.27894440300008, 26.04896250600018], [89.25454726200019, 26.067723458000103], [89.2659807760001, 26.087781912000082], [89.24170201000015, 26.10424539600018], [89.22738827900002, 26.12342647400004], [89.16555213900011, 26.131650385000057], [89.14885504199998, 26.153161552000086], [89.1359257040001, 26.18247627700009], [89.147975212, 26.20773904100008], [89.13593578500013, 26.236135495000042], [89.12036664400006, 26.25181904300007], [89.12488916500007, 26.263329160000183], [89.1019709470001, 26.28314140000009], [89.12004779300008, 26.286808480000104], [89.1360206710001, 26.30764256800012], [89.13514328200006, 26.320909672000084], [89.10540155200016, 26.32612639700011], [89.0960619540001, 26.36018292100016], [89.08724793800002, 26.365578103000132], [89.08720821800011, 26.39757324700014], [89.03756987400016, 26.39980532700008], [88.9808373850002, 26.424301707000097], [88.97519444500011, 26.448540930000036], [88.94675619500009, 26.446889763000115], [88.943188346, 26.424441439000077], [88.92642418200012, 26.431349641000054], [88.91766112700009, 26.40249213300018], [88.91457697400006, 26.364763942000025], [88.9611415380001, 26.35167940499997], [88.98612451200006, 26.348529115000133], [88.98382954600004, 26.336967581000067], [88.99804560400014, 26.323206513000116], [88.98240920300003, 26.310388635000038], [88.99993711800016, 26.29084077500005], [89.03497457400016, 26.283909636000033], [89.06041590500013, 26.29072587400003], [89.06232843999999, 26.258862294000096], [89.02144076500008, 26.24433764600019], [89.03671830200005, 26.22855701100002], [89.03257495200006, 26.194070744999976], [89.04195149600014, 26.17612544700006], [89.07726823100006, 26.1711013580001], [89.09638561500014, 26.149395099000117], [89.10196553300017, 26.12069517900011], [89.09114823700008, 26.116079795000132], [89.0913353790001, 26.08902470100014], [89.10082894800018, 26.07743668100005], [89.09253271100005, 26.06151389700011], [89.11350423599998, 25.99726857200011], [89.14318827400007, 25.967134001000147], [89.15154294200016, 25.960476709000147], [89.18425288000014, 25.956673738000177], [89.20164255200012, 25.946030222000047], [89.21338974600008, 25.927534545000128], [89.23665953500011, 25.904805412000087], [89.28340278000007, 25.896346249000146], [89.31777362300011, 25.858194830000173], [89.33629018800013, 25.850621245000127], [89.33603904600017, 25.83751352200011], [89.38608499700018, 25.802716228000122], [89.45811096000006, 25.791051009000114], [89.456808341, 25.827479769000092], [89.48454850400009, 25.836032749000083], [89.48829402500013, 25.818925394000132], [89.51977209500012, 25.81115873900012], [89.53393042300007, 25.82334100900016], [89.53416542600007, 25.865240351000182], [89.55238902000013, 25.86024096799997], [89.55783634300013, 25.87684324999998], [89.51751761400004, 25.916211102000034], [89.50346531800017, 25.969439003000048], [89.48401944400001, 25.96176348900002], [89.47539347700013, 25.981058223000105]]], [[[88.92731069700017, 26.33172319600004], [88.9186305880001, 26.326175433000117], [88.92539754000006, 26.29318200500012], [88.95104344800018, 26.275806693999982], [88.9806721380001, 26.28335591300015], [88.97457238700014, 26.296494231000054], [88.952041033, 26.31718286299997], [88.92731069700017, 26.33172319600004]]]]}, "properties": {"districtName": "Lalmonirhat", "division": "Rangpur", "area": 1235.7}}, {"type": "Feature", "geometry": {"type": "Polygon", "coordinates": [[[89.02144076500008, 26.24433764600019], [88.95290360200005, 26.24221577900005], [88.93013395899999, 26.27885073800013], [88.91782487900014, 26.288037521999968], [88.87562845600013, 26.28672222600005], [88.86172090900004, 26.27406533700008], [88.86127413100019, 26.25259442800018], [88.87764748300009, 26.23344295300018], [88.83839746200016, 26.231851266000035], [88.8154798020002, 26.255618727000012], [88.81195600800015, 26.27959145300008], [88.81922708300004, 26.29426831900014], [88.8018297970001, 26.30758298400019], [88.76083792100002, 26.300673430000074], [88.76565810300008, 26.28828532400007], [88.75825979800015, 26.259416959000077], [88.76312875000013, 26.23540769500005], [88.77582282499998, 26.23833548600004], [88.79399791000003, 26.22100136000006], [88.79660481000008, 26.19850184800009], [88.78192108200017, 26.180838387000108], [88.783868804, 26.132275225000058], [88.79017085700019, 26.124983624000095], [88.76312566100012, 26.08533826000007], [88.77987526600003, 26.06537003900013], [88.75017332000004, 26.028126133], [88.73579223700006, 26.01615879100018], [88.74614220600012, 25.9852994420001], [88.74367875200005, 25.967920698000114], [88.75506552900009, 25.94073919100009], [88.7753731150001, 25.93993270800007], [88.79851554400005, 25.92819043500009], [88.80233038700015, 25.89903484600012], [88.8243740050001, 25.858715724000092], [88.81992210900017, 25.84391870600001], [88.82817637400018, 25.812568167], [88.84220698500013, 25.81230379500016], [88.8518059220001, 25.77852331300005], [88.88327400800017, 25.772406981000074], [88.89254689300009, 25.738189197000054], [88.94117316800009, 25.736068841000133], [88.94736525300004, 25.778677693000077], [88.9603342260001, 25.787525888], [88.94797311900004, 25.81104591400009], [88.98465025600012, 25.808848609999984], [89.01470178200003, 25.81905981400007], [89.04798198100019, 25.819791554], [89.06606874600004, 25.83661315800009], [89.08856317700008, 25.84514655800001], [89.10405660300017, 25.875484729000107], [89.11786254900011, 25.88639323600006], [89.09865075400006, 25.90747272300007], [89.102586251, 25.940479502000187], [89.11098212200005, 25.961562876000073], [89.14318827400007, 25.967134001000147], [89.11350423599998, 25.99726857200011], [89.09253271100005, 26.06151389700011], [89.10082894800018, 26.07743668100005], [89.0913353790001, 26.08902470100014], [89.09114823700008, 26.116079795000132], [89.10196553300017, 26.12069517900011], [89.09638561500014, 26.149395099000117], [89.07726823100006, 26.1711013580001], [89.04195149600014, 26.17612544700006], [89.03257495200006, 26.194070744999976], [89.03671830200005, 26.22855701100002], [89.02144076500008, 26.24433764600019]]]}, "properties": {"districtName": "Nilphamari", "division": "Rangpur", "area": 1596.3}}, {"type": "Feature", "geometry": {"type": "Polygon", "coordinates": [[[88.76083792100002, 26.300673430000074], [88.76136488400005, 26.33370981200011], [88.749561078, 26.353938632000165], [88.72564302200004, 26.343925622000143], [88.69530323900017, 26.344735920000062], [88.67569243399998, 26.401328084000056], [88.65101956500007, 26.426000796999972], [88.62554350000005, 26.43366644100007], [88.62218974300015, 26.471069796000165], [88.59578531200009, 26.471038272000044], [88.5947808620001, 26.45233667800005], [88.55944453300015, 26.46178640400018], [88.55599386500012, 26.485266006000074], [88.52728156900014, 26.48095092400007], [88.5077175300001, 26.515606973000047], [88.48973182700007, 26.51151108199997], [88.48421480300016, 26.54172330600005], [88.46266473700018, 26.544144229000096], [88.44825687000008, 26.535554439000123], [88.4315047020001, 26.549455673000125], [88.42137996600013, 26.56960967200007], [88.4160095630001, 26.631800396000017], [88.39897992599998, 26.626750912000034], [88.38765674000012, 26.601792145000047], [88.3773154050001, 26.59632839600016], [88.37051324700019, 26.55966904900015], [88.3574554380001, 26.542009107000183], [88.35821258200019, 26.52878884300003], [88.33134202400004, 26.48449102500018], [88.36149943900011, 26.454392235000057], [88.36031066000004, 26.481703409999966], [88.37257782700016, 26.48817175200014], [88.38901146800015, 26.478550267000116], [88.40500389200014, 26.480519473000186], [88.41561824700005, 26.469155117000128], [88.46213642400011, 26.46584288700012], [88.48456790700004, 26.460309688], [88.494679529, 26.40919051800006], [88.51506455000015, 26.384751731000108], [88.50782771200016, 26.36219115200015], [88.48010117200005, 26.350610691000043], [88.45717443500013, 26.366585596000107], [88.44387646600006, 26.360925962000067], [88.43537180000015, 26.336409746000186], [88.4126170990001, 26.337685098], [88.40192341300008, 26.31787091399997], [88.38396895, 26.313767611], [88.34894738600008, 26.27849203000011], [88.34855796900013, 26.252279242000043], [88.35941309600003, 26.24248944700014], [88.34991924100012, 26.220354157000088], [88.33083266300008, 26.216184362000092], [88.31999283600015, 26.20313336700002], [88.3347198400001, 26.187044296000124], [88.38200888200004, 26.181196433000025], [88.38415502400011, 26.200122290000024], [88.41519342800018, 26.203283296999984], [88.46711142500004, 26.19433638000004], [88.47898038900013, 26.203940648000128], [88.50357025500006, 26.202718927000035], [88.52021607900014, 26.193021505000047], [88.5229931410002, 26.179391011000064], [88.54771258300002, 26.177602314000126], [88.58390037300018, 26.144175817000075], [88.60087702599998, 26.14315227800006], [88.63152359600014, 26.10931816300007], [88.64066295800012, 26.083970071000067], [88.62479981000018, 26.057155054000134], [88.64290434300005, 26.045341391000136], [88.66856982900015, 26.01394959900017], [88.69968028900013, 26.016325112000175], [88.71894831300011, 26.007835080000063], [88.73579223700006, 26.01615879100018], [88.75017332000004, 26.028126133], [88.77987526600003, 26.06537003900013], [88.76312566100012, 26.08533826000007], [88.79017085700019, 26.124983624000095], [88.783868804, 26.132275225000058], [88.78192108200017, 26.180838387000108], [88.79660481000008, 26.19850184800009], [88.79399791000003, 26.22100136000006], [88.77582282499998, 26.23833548600004], [88.76312875000013, 26.23540769500005], [88.75825979800015, 26.259416959000077], [88.76565810300008, 26.28828532400007], [88.76083792100002, 26.300673430000074]]]}, "properties": {"districtName": "Panchagarh", "division": "Rangpur", "area": 1403.8}}, {"type": "Feature", "geometry": {"type": "Polygon", "coordinates": [[[89.14318827400007, 25.967134001000147], [89.11098212200005, 25.961562876000073], [89.102586251, 25.940479502000187], [89.09865075400006, 25.90747272300007], [89.11786254900011, 25.88639323600006], [89.10405660300017, 25.875484729000107], [89.08856317700008, 25.84514655800001], [89.06606874600004, 25.83661315800009], [89.04798198100019, 25.819791554], [89.01470178200003, 25.81905981400007], [88.98465025600012, 25.808848609999984], [88.94797311900004, 25.81104591400009], [88.9603342260001, 25.787525888], [88.94736525300004, 25.778677693000077], [88.94117316800009, 25.736068841000133], [88.92784695300014, 25.723772072000088], [88.93705250600004, 25.686509197000078], [88.96159575100012, 25.683657330000074], [88.99760462400008, 25.65363970600015], [88.99873548300013, 25.633749983000143], [89.01230065900006, 25.602757316000066], [89.03998978700008, 25.60093592400017], [89.10488867100008, 25.56494784000006], [89.09283042200008, 25.54684694700012], [89.10391793300005, 25.535695767999982], [89.10380087100015, 25.47790703400011], [89.12305190900014, 25.460376508000024], [89.1311092730001, 25.440409956], [89.15089624300003, 25.427055273], [89.15727936700006, 25.4038779710001], [89.20644674100015, 25.388665001999982], [89.24022417200007, 25.352966624000032], [89.23204846500016, 25.338155396000047], [89.24102106400011, 25.31827143200013], [89.26507668500017, 25.314352309000128], [89.28358295500016, 25.301155700000038], [89.342152871, 25.30473423], [89.33543620800003, 25.327489864000086], [89.34234333500012, 25.36525843400011], [89.37624279600004, 25.407299711000064], [89.39862795000016, 25.46422255800013], [89.42137098200004, 25.46468421100002], [89.44080683200008, 25.501172061000148], [89.44081683700006, 25.52772048100013], [89.41674583600019, 25.534349585000086], [89.40331448800015, 25.545556057000056], [89.41476383000014, 25.589883609000083], [89.44351851200008, 25.584451347000027], [89.46381056800004, 25.597729160000085], [89.49403138100018, 25.58079237600009], [89.48965749200005, 25.603863856000146], [89.52102491800014, 25.62350924700013], [89.53174213900007, 25.643612264000183], [89.51422904100014, 25.667861610000045], [89.51977524600011, 25.683815768000045], [89.50707515000005, 25.720726516000184], [89.4921718120001, 25.71699562700013], [89.49815345600013, 25.75192396900013], [89.47968197400013, 25.764708725000105], [89.45811096000006, 25.791051009000114], [89.38608499700018, 25.802716228000122], [89.33603904600017, 25.83751352200011], [89.33629018800013, 25.850621245000127], [89.31777362300011, 25.858194830000173], [89.28340278000007, 25.896346249000146], [89.23665953500011, 25.904805412000087], [89.21338974600008, 25.927534545000128], [89.20164255200012, 25.946030222000047], [89.18425288000014, 25.956673738000177], [89.15154294200016, 25.960476709000147], [89.14318827400007, 25.967134001000147]]]}, "properties": {"districtName": "Rangpur", "division": "Rangpur", "area": 2363.1}}, {"type": "Feature", "geometry": {"type": "Polygon", "coordinates": [[[88.31999283600015, 26.20313336700002], [88.28597587500013, 26.200274289000106], [88.27449233000004, 26.18812865900003], [88.2475449420001, 26.190386891000173], [88.22301606300016, 26.16617352800006], [88.19630573400019, 26.15909142900017], [88.17721931700004, 26.147452368000017], [88.17831060200018, 26.123138737000147], [88.15826947900013, 26.095880178000073], [88.18535052000004, 26.06279891200012], [88.16404347800011, 26.021337276000054], [88.14183864500006, 26.01447282999999], [88.14380667100005, 26.00092539700006], [88.13080966500007, 25.98942093200003], [88.1222186810001, 25.948237292999977], [88.09084440600009, 25.926950196], [88.08980269400007, 25.898000906000163], [88.102814712, 25.889185474000158], [88.09369303600005, 25.87408797800009], [88.11369476600015, 25.85262148700008], [88.10105175900009, 25.828948177000086], [88.1199844520001, 25.812283410000134], [88.11458278200007, 25.798459596000157], [88.13864302700017, 25.7968558930001], [88.14206625800017, 25.782639031000087], [88.172753333, 25.787051701000166], [88.18414883700018, 25.801712557000087], [88.20905733100017, 25.78823001900014], [88.23154869800015, 25.79749658600008], [88.24886007400005, 25.812111704000188], [88.26941049300012, 25.807634216000054], [88.268438753, 25.78071832700016], [88.29037318100018, 25.773774872000047], [88.299263839, 25.76049895600005], [88.3440782630002, 25.729653118000158], [88.37485282100005, 25.712469727999974], [88.37023634600013, 25.701194201000078], [88.4050892910002, 25.683437811000147], [88.40173916900011, 25.67244559700015], [88.42861343400017, 25.66930169300008], [88.435956256, 25.70998127600018], [88.41330092800007, 25.731942318], [88.39257531000015, 25.74288571200009], [88.38363035600008, 25.78785545000011], [88.39032881200006, 25.813564408000104], [88.38604124200003, 25.83902727400016], [88.3969166460002, 25.84186815700008], [88.40820822500018, 25.86947318800003], [88.4437475470001, 25.871541787000012], [88.44425710299998, 25.862628248000135], [88.48037447400009, 25.864247740000053], [88.48544829200017, 25.869970395000053], [88.48018033900013, 25.90435192000001], [88.50035511400006, 25.906286600000044], [88.51155576200006, 25.942900152000107], [88.53775349000017, 25.963238742000158], [88.52859215500001, 25.990399301000082], [88.54291023700006, 26.00154719500017], [88.54380879400009, 26.017664530000104], [88.56376104600014, 26.02617910300006], [88.5878882510001, 26.021205413000075], [88.60623784100011, 26.034797150000145], [88.60881271000005, 26.054636526000138], [88.62479981000018, 26.057155054000134], [88.64066295800012, 26.083970071000067], [88.63152359600014, 26.10931816300007], [88.60087702599998, 26.14315227800006], [88.58390037300018, 26.144175817000075], [88.54771258300002, 26.177602314000126], [88.5229931410002, 26.179391011000064], [88.52021607900014, 26.193021505000047], [88.50357025500006, 26.202718927000035], [88.47898038900013, 26.203940648000128], [88.46711142500004, 26.19433638000004], [88.41519342800018, 26.203283296999984], [88.38415502400011, 26.200122290000024], [88.38200888200004, 26.181196433000025], [88.3347198400001, 26.187044296000124], [88.31999283600015, 26.20313336700002]]]}, "properties": {"districtName": "Thakurgaon", "division": "Rangpur", "area": 1805.6}}, {"type": "Feature", "geometry": {"type": "Polygon", "coordinates": [[[91.65005852900003, 24.679523580000023], [91.62770620600008, 24.67407157300005], [91.61851794400008, 24.658577578000177], [91.60433334499999, 24.670278038000163], [91.5743508180002, 24.677159602000188], [91.53910952200005, 24.656545263000112], [91.51985635400007, 24.669265054000164], [91.47828741199999, 24.673874170000147], [91.43839870400006, 24.670417175000182], [91.426081398, 24.682374763000155], [91.39884975799998, 24.67351094100019], [91.39209534800017, 24.688019016000055], [91.37444995700008, 24.696890822000114], [91.3623747580001, 24.678295703000117], [91.31673438000013, 24.649235934000103], [91.3034793450002, 24.63269566499997], [91.29529441100016, 24.60014086900003], [91.26727937200002, 24.601146918000097], [91.2684177390002, 24.58431194500008], [91.23393475700004, 24.570234943000116], [91.21514241699998, 24.525632222000127], [91.17089469400008, 24.483954271000187], [91.2035914020002, 24.476922212000034], [91.2233801480001, 24.484366821000037], [91.23354112600009, 24.472332532000053], [91.23897762000013, 24.44201380500016], [91.21833035200007, 24.43301793200004], [91.21600818000013, 24.403150561000132], [91.23924501700014, 24.407766340000023], [91.2443411270001, 24.380980983000086], [91.21550153000015, 24.35957472800004], [91.2351674470001, 24.336958444000174], [91.2346909310001, 24.316198932000077], [91.18603278400013, 24.32280444100013], [91.1729462190001, 24.319704770000044], [91.15884226000014, 24.29065297200009], [91.16345397800012, 24.284914835000052], [91.19755993800015, 24.293396056], [91.19339513000017, 24.277701964000187], [91.17527979, 24.26551884900016], [91.19610531400008, 24.240277454000022], [91.27445999700006, 24.225165473000118], [91.29413437300008, 24.259121107000112], [91.30748738200009, 24.269012586000088], [91.32554587900012, 24.260746944000118], [91.32788553100005, 24.242516787000113], [91.28505245300005, 24.219012444000043], [91.30803244900017, 24.192422960000044], [91.2775466290002, 24.182774429000062], [91.26854402200007, 24.159655125000143], [91.27230862300007, 24.12429144200007], [91.26989620200004, 24.097939709000116], [91.29254300400015, 24.094638815], [91.28563856300002, 24.063028748000193], [91.30420777500007, 24.057286142], [91.31269696600003, 24.041233847000115], [91.30347730600016, 23.9961569030001], [91.32438342400008, 23.993704272000116], [91.34087264100009, 23.981864037000037], [91.38011367900009, 23.97800537200004], [91.37321385200005, 24.002517506000117], [91.39092037800009, 24.024981477000097], [91.39640080800007, 24.04941088200019], [91.37731671300014, 24.079158542000187], [91.3742366840001, 24.106864535000113], [91.39968452200014, 24.11065881700017], [91.42819003100016, 24.107496280000078], [91.43171000100006, 24.09902228800007], [91.46295031000005, 24.094619953000063], [91.47692938500018, 24.098833539000168], [91.49919741800011, 24.085624659000075], [91.54660501299998, 24.0735444], [91.58697483700013, 24.071498698000028], [91.6008648740002, 24.095880078000107], [91.61025930200014, 24.091157009000028], [91.63749689000014, 24.100175018000073], [91.64244033800003, 24.11312921000001], [91.63605980100016, 24.1368509080001], [91.64825142799998, 24.15621016400013], [91.64735389900011, 24.178310002000103], [91.61943431800006, 24.232519076000074], [91.62081261000009, 24.267460172000085], [91.61272418500005, 24.287348051000095], [91.629634721, 24.312928775000103], [91.6272698640002, 24.346141981000187], [91.61685527100013, 24.36258718900018], [91.60176940200006, 24.363806565000175], [91.60132565500004, 24.41736964500018], [91.61864339599998, 24.416751994000094], [91.61018550700015, 24.441600883000092], [91.61635379500018, 24.46397984200013], [91.61669484400005, 24.49983621300015], [91.63699816300016, 24.521971563000022], [91.65197678700014, 24.549873210000158], [91.6390416210001, 24.564978055000154], [91.63169984500018, 24.586430600000142], [91.66396172500004, 24.59115335000007], [91.66956147700006, 24.60972505100011], [91.66123230800008, 24.627482600000064], [91.63924500700006, 24.658519886000192], [91.65005852900003, 24.679523580000023]]]}, "properties": {"districtName": "Habiganj", "division": "Sylhet", "area": 2610.7}}, {"type": "Feature", "geometry": {"type": "Polygon", "coordinates": [[[91.64735389900011, 24.178310002000103], [91.65769480400013, 24.17857789700014], [91.64891506400005, 24.215495642], [91.66810350700007, 24.209180456000126], [91.68001873900005, 24.193439812000122], [91.68117290600009, 24.17551035800011], [91.692899721, 24.15986348000007], [91.72092792400014, 24.152220227000157], [91.7283170890002, 24.143827425999973], [91.75941856700013, 24.142395276000173], [91.74614865000007, 24.24731411500005], [91.79306848100009, 24.220827790000158], [91.82410644200019, 24.21089658300008], [91.84432651600002, 24.226689151000073], [91.85540032600005, 24.212966122000182], [91.84519500100004, 24.19988308799998], [91.85110161000017, 24.183125999000026], [91.87333930400018, 24.175017249000064], [91.87831213900012, 24.147043375000067], [91.90552119400019, 24.139541660000134], [91.91164802000014, 24.168487922999986], [91.93994896400017, 24.269022510000013], [91.91970041900015, 24.336738691], [91.940314462, 24.342945284999985], [91.95603821500009, 24.356610884000133], [91.9765284450001, 24.329828965000104], [91.99631764800012, 24.339600244000053], [91.97804452400004, 24.35851921000011], [91.97558604900013, 24.382769644], [91.99502596200017, 24.38921828400015], [92.00911351700006, 24.3826559150001], [92.0494113950001, 24.376647322000053], [92.09658100500008, 24.37451679200018], [92.12675708800015, 24.39868539200006], [92.13811988900017, 24.42627853], [92.16736224400017, 24.42604290100013], [92.15436623300019, 24.47245854], [92.15558703200003, 24.51921474000011], [92.16793415700016, 24.532036505], [92.20213187900015, 24.507404973], [92.22944814500005, 24.50079086900007], [92.23346186300017, 24.579527011000096], [92.24461704400005, 24.617929040000035], [92.2511753870001, 24.660605205000138], [92.2662669980001, 24.691311], [92.29626020600017, 24.73691593200016], [92.28057301500013, 24.748465996000107], [92.28892219700009, 24.787464723000028], [92.27383637300017, 24.79931437300013], [92.27361128000007, 24.82741108300013], [92.25089012400002, 24.836149921000015], [92.24167955600018, 24.818469504000063], [92.21513360500012, 24.81402680700012], [92.19349977400009, 24.79863878300017], [92.19304180800003, 24.768098012], [92.17612076600011, 24.773257030000025], [92.10410622000006, 24.756736017000037], [92.0915240060001, 24.76583137800003], [92.07991966000009, 24.722800909000114], [92.06240176000017, 24.717448064000166], [92.05281955499999, 24.701792462000128], [92.03966588500003, 24.707016107000072], [92.02966281500017, 24.652326192000032], [91.99465701100013, 24.653034269000045], [91.97311496300011, 24.63761451700003], [91.96372890500015, 24.646442729], [91.92876812200018, 24.65804981100007], [91.86531454000004, 24.658090497000103], [91.84647269800018, 24.645360701000186], [91.82535516500019, 24.65257063399997], [91.75220484700014, 24.606710895000106], [91.72903515500008, 24.59542424000017], [91.68729149300015, 24.608297058000176], [91.67725802400014, 24.634053876], [91.66123230800008, 24.627482600000064], [91.66956147700006, 24.60972505100011], [91.66396172500004, 24.59115335000007], [91.63169984500018, 24.586430600000142], [91.6390416210001, 24.564978055000154], [91.65197678700014, 24.549873210000158], [91.63699816300016, 24.521971563000022], [91.61669484400005, 24.49983621300015], [91.61635379500018, 24.46397984200013], [91.61018550700015, 24.441600883000092], [91.61864339599998, 24.416751994000094], [91.60132565500004, 24.41736964500018], [91.60176940200006, 24.363806565000175], [91.61685527100013, 24.36258718900018], [91.6272698640002, 24.346141981000187], [91.629634721, 24.312928775000103], [91.61272418500005, 24.287348051000095], [91.62081261000009, 24.267460172000085], [91.61943431800006, 24.232519076000074], [91.64735389900011, 24.178310002000103]]]}, "properties": {"districtName": "Moulvibazar", "division": "Sylhet", "area": 2673.5}}, {"type": "Feature", "geometry": {"type": "Polygon", "coordinates": [[[91.70273508100007, 25.149349694000023], [91.69183420700017, 25.137313406000146], [91.66406845300014, 25.135449805], [91.63779479900018, 25.122996544000046], [91.62288120200014, 25.128293379000127], [91.6209828710002, 25.143617638000023], [91.5996146220001, 25.15152206000016], [91.60579920200007, 25.17417788400013], [91.57759974100014, 25.172228554000128], [91.55445989000003, 25.14912957000007], [91.50221657500009, 25.143766101000153], [91.50024208200006, 25.13575713700004], [91.47049925100015, 25.13400125200019], [91.46631761700019, 25.15177117000019], [91.44072261000014, 25.14975272500004], [91.4106010380001, 25.163903569000126], [91.36084212600008, 25.176990002000082], [91.3378242330001, 25.173362443000087], [91.31894203799999, 25.183231696000178], [91.2930678670001, 25.183403663999968], [91.28932181000005, 25.19382015900004], [91.26776885400005, 25.205696196000076], [91.2314588960001, 25.19694760200008], [91.19808238900015, 25.201779430000045], [91.13225971500009, 25.193783048000114], [91.08648666300013, 25.196042933000115], [91.00246931200002, 25.181258205], [90.9624543320001, 25.17202139400007], [90.96794442400017, 25.160791188000076], [90.94956542100016, 25.13852906799997], [90.95760208900003, 25.127733759000023], [90.9480429100002, 25.111649308000153], [90.96507298100016, 25.095741209000096], [90.97371732600016, 25.07233952300004], [90.93361544800018, 25.073604037000052], [90.92950706500017, 25.05235003900009], [90.95638155500012, 25.03675579600008], [90.93539821900015, 25.023303316000067], [90.94868765700016, 24.971092160000183], [90.97255472000006, 24.960293267999987], [90.95524970600019, 24.94185594300012], [90.95446627000018, 24.918204686000138], [90.96325552800016, 24.910508477000064], [90.99445484500012, 24.913433951], [90.99877389700009, 24.89400221000011], [91.03024307300007, 24.89008132100014], [91.0460553440002, 24.907787974000144], [91.07447344900004, 24.902921874000015], [91.10128278400003, 24.885846779000076], [91.11399228900012, 24.848663401000124], [91.11321944600019, 24.818824409000058], [91.1185190990002, 24.807769314000097], [91.14194046400019, 24.797940713000173], [91.15272271100014, 24.811734465000143], [91.14290132100018, 24.82458522600018], [91.15471264500013, 24.840288115000135], [91.17059068100008, 24.82880928100019], [91.16823801600003, 24.77620925800005], [91.14577685799998, 24.762399574000142], [91.14676157200012, 24.742736166000157], [91.19321565700017, 24.718090863000157], [91.21328709500017, 24.716223142000047], [91.24341259100015, 24.683102497000107], [91.23158251000018, 24.65857712200011], [91.21247551000005, 24.655213011000058], [91.19461677700008, 24.632192949000114], [91.17997689600014, 24.617165305000185], [91.20094792100008, 24.610046059000183], [91.20666625600006, 24.57839603000008], [91.23393475700004, 24.570234943000116], [91.2684177390002, 24.58431194500008], [91.26727937200002, 24.601146918000097], [91.29529441100016, 24.60014086900003], [91.3034793450002, 24.63269566499997], [91.31673438000013, 24.649235934000103], [91.3623747580001, 24.678295703000117], [91.37444995700008, 24.696890822000114], [91.39209534800017, 24.688019016000055], [91.39884975799998, 24.67351094100019], [91.426081398, 24.682374763000155], [91.43839870400006, 24.670417175000182], [91.47828741199999, 24.673874170000147], [91.51985635400007, 24.669265054000164], [91.53910952200005, 24.656545263000112], [91.5743508180002, 24.677159602000188], [91.60433334499999, 24.670278038000163], [91.61851794400008, 24.658577578000177], [91.62770620600008, 24.67407157300005], [91.65005852900003, 24.679523580000023], [91.66222318600018, 24.747976906000133], [91.6762966300002, 24.759020420000127], [91.64781972500009, 24.788535961000036], [91.6715242800002, 24.788769657000046], [91.67281285700017, 24.804876228000126], [91.65911423100005, 24.81192910100009], [91.66300163200009, 24.85819019000013], [91.6967502780002, 24.870771243999968], [91.68464801600004, 24.89417750800004], [91.69524842400011, 24.90674041600016], [91.68884622299998, 24.9209406330001], [91.71043930400003, 24.965546011000015], [91.68320355100013, 25.01148464300013], [91.67768533800017, 25.03429899100007], [91.68268714100003, 25.05651804400003], [91.73408724800004, 25.078915044000098], [91.71818064900009, 25.09297218], [91.71778396900015, 25.1289660060001], [91.70273508100007, 25.149349694000023]]]}, "properties": {"districtName": "Sunamganj", "division": "Sylhet", "area": 3666.9}}, {"type": "Feature", "geometry": {"type": "Polygon", "coordinates": [[[92.25089012400002, 24.836149921000015], [92.24016052700017, 24.857837801000016], [92.24739542200007, 24.88495594799997], [92.23597811800005, 24.893120691999968], [92.24689824600017, 24.908800704999976], [92.2730265190001, 24.905087360000152], [92.29464792900012, 24.915141160000132], [92.30669176600014, 24.900628029000075], [92.33967036700005, 24.87800423500005], [92.37389432700007, 24.872742978000076], [92.38591971400007, 24.851795542000048], [92.40574756500007, 24.85913379500016], [92.42614369500012, 24.852963911000188], [92.44429428500013, 24.872394025000062], [92.47525386300009, 24.868374953000057], [92.49281466800011, 24.875657480000143], [92.49435697700005, 24.916481827000155], [92.48402998100005, 24.931724931000133], [92.48802657500016, 24.944386647999977], [92.4524853160001, 24.938678478000043], [92.46152990700017, 24.969593634000034], [92.42419708200003, 24.96557622400013], [92.42548985100018, 25.02775913100004], [92.39856363000013, 25.032819859000085], [92.33948594400016, 25.05322254100014], [92.34832938600005, 25.073348806000126], [92.32208581000003, 25.078101228000094], [92.31111182800015, 25.069286957000088], [92.22741448300019, 25.094349768000143], [92.20726844000012, 25.108678437000094], [92.1929922270001, 25.134241793000115], [92.17180434400018, 25.12773653199997], [92.14285257000012, 25.135720404000153], [92.13017536300009, 25.16135912600015], [92.10232090400012, 25.175042873], [92.06237037200003, 25.187047052000025], [92.02537879900007, 25.179338957000027], [92.00261785900011, 25.18603792800019], [91.98457697300012, 25.17299503400011], [91.92111924300013, 25.181682091000084], [91.86134611200015, 25.172892598000033], [91.83286407300011, 25.17817286899998], [91.77533979400005, 25.163479171000176], [91.74920046400013, 25.160863002000156], [91.73249855800003, 25.150552798999968], [91.70273508100007, 25.149349694000023], [91.71778396900015, 25.1289660060001], [91.71818064900009, 25.09297218], [91.73408724800004, 25.078915044000098], [91.68268714100003, 25.05651804400003], [91.67768533800017, 25.03429899100007], [91.68320355100013, 25.01148464300013], [91.71043930400003, 24.965546011000015], [91.68884622299998, 24.9209406330001], [91.69524842400011, 24.90674041600016], [91.68464801600004, 24.89417750800004], [91.6967502780002, 24.870771243999968], [91.66300163200009, 24.85819019000013], [91.65911423100005, 24.81192910100009], [91.67281285700017, 24.804876228000126], [91.6715242800002, 24.788769657000046], [91.64781972500009, 24.788535961000036], [91.6762966300002, 24.759020420000127], [91.66222318600018, 24.747976906000133], [91.65005852900003, 24.679523580000023], [91.63924500700006, 24.658519886000192], [91.66123230800008, 24.627482600000064], [91.67725802400014, 24.634053876], [91.68729149300015, 24.608297058000176], [91.72903515500008, 24.59542424000017], [91.75220484700014, 24.606710895000106], [91.82535516500019, 24.65257063399997], [91.84647269800018, 24.645360701000186], [91.86531454000004, 24.658090497000103], [91.92876812200018, 24.65804981100007], [91.96372890500015, 24.646442729], [91.97311496300011, 24.63761451700003], [91.99465701100013, 24.653034269000045], [92.02966281500017, 24.652326192000032], [92.03966588500003, 24.707016107000072], [92.05281955499999, 24.701792462000128], [92.06240176000017, 24.717448064000166], [92.07991966000009, 24.722800909000114], [92.0915240060001, 24.76583137800003], [92.10410622000006, 24.756736017000037], [92.17612076600011, 24.773257030000025], [92.19304180800003, 24.768098012], [92.19349977400009, 24.79863878300017], [92.21513360500012, 24.81402680700012], [92.24167955600018, 24.818469504000063], [92.25089012400002, 24.836149921000015]]]}, "properties": {"districtName": "Sylhet", "division": "Sylhet", "area": 3422.2}}]}